course_id,student_id,rating
14,258956,5
14,259283,5
30,259283,5
37,259283,5
23,259504,5
46,259504,5
30,259524,5
54,259524,5
7,259761,4
42,259761,4
46,259761,4
3,259767,5
5,259767,5
7,259846,5
26,259870,5
2,260173,4
45,260173,3
7,260329,5
5,260345,5
11,260345,5
14,260345,5
27,260345,5
44,260345,5
28,260356,5
5,260465,5
11,260465,4
32,260465,4
37,260465,5
44,260465,4
54,260465,5
50,260549,5
39,260616,5
3,260646,5
5,260646,5
20,260646,5
35,260646,5
34,260649,3
2,260754,5
11,260754,5
13,260754,5
23,260754,5
30,260754,5
34,260754,5
39,260754,5
44,260754,5
50,260754,5
55,260754,5
67,260754,5
11,260813,2
23,260813,5
35,260813,5
14,260815,5
21,260861,5
24,260861,5
42,260861,5
23,260910,5
28,260910,5
42,260910,5
21,260968,5
2,260980,4
12,260980,4
25,260980,4
28,260980,4
46,260980,4
59,260980,4
67,260980,4
2,261019,5
20,261019,5
5,261086,5
14,261104,2
21,261158,5
16,261171,5
25,261171,5
26,261171,5
28,261171,5
14,261212,5
13,261239,5
20,261239,5
7,261390,4
23,261390,4
5,261393,5
7,261393,4
14,261393,4
21,261393,5
35,261393,4
14,261408,5
11,261412,5
27,261412,5
49,261412,5
54,261412,5
55,261412,5
32,261466,5
37,261466,5
14,261491,5
16,261491,5
25,261491,5
37,261491,5
16,261495,5
13,261522,5
23,261522,5
14,261550,4
21,261550,5
16,261608,5
42,261626,5
7,261668,5
14,261668,4
28,261668,5
46,261668,5
7,261674,5
20,261674,4
35,261674,5
46,261674,5
14,261680,5
20,261680,5
21,261680,5
35,261680,3
24,261682,5
23,261693,5
7,261716,3
14,261735,5
11,261756,5
30,261756,5
35,261756,5
39,261756,5
7,261783,5
14,261785,5
7,261790,5
16,261810,5
28,261810,5
37,261810,5
42,261813,4
5,261828,5
12,261828,5
16,261828,5
5,261905,5
11,261905,4
21,261905,5
30,261905,5
20,262112,5
35,262112,2
16,262414,4
22,262459,4
24,262459,5
34,262459,4
7,262548,5
22,262548,5
3,262569,5
5,262569,5
7,262569,5
14,262569,5
20,262569,5
35,262569,5
7,262580,5
22,262580,4
22,262634,5
28,262641,4
35,262641,4
2,262643,5
3,262643,5
4,262643,5
11,262643,5
14,262643,5
16,262643,5
21,262643,5
27,262643,5
33,262643,5
35,262643,5
43,262643,5
53,262643,5
7,262861,5
7,262955,5
23,262955,5
7,262988,5
14,262988,5
22,263087,5
46,263087,5
42,263118,5
5,263293,5
11,263293,5
16,263293,5
22,263293,5
24,263293,5
28,263293,5
37,263293,5
23,263309,5
32,263309,5
14,263321,5
2,263441,5
7,263456,5
23,263456,5
14,263496,4
35,263521,5
30,263535,5
7,263576,5
24,263579,5
20,263650,5
21,263683,5
25,263690,4
27,263690,4
41,263690,4
50,263690,4
54,263690,4
55,263690,4
42,263735,5
50,263747,4
54,263747,4
55,263747,4
23,263783,5
2,263825,5
3,263825,5
7,263825,5
13,263825,4
16,263825,4
21,263825,2
23,263825,5
35,263825,5
39,263825,5
42,263825,5
46,263825,4
23,263875,5
13,263893,3
23,264126,5
23,264131,4
3,264146,4
4,264146,5
11,264146,4
37,264146,4
44,264146,5
45,264146,5
50,264146,5
67,264146,4
7,264148,5
7,264158,5
22,264228,5
37,264228,5
21,264295,5
13,264306,5
16,264306,4
21,264404,5
14,264425,5
30,264572,4
16,264954,4
23,265101,4
3,265130,5
13,265130,4
21,265130,5
35,265130,5
39,265130,5
14,265337,5
57,265337,1
24,265415,5
39,265415,5
4,265519,5
16,265519,5
21,265560,5
22,265578,5
16,265588,5
37,265588,5
7,265685,5
21,265685,5
22,265685,5
42,265808,5
23,265838,5
50,265928,5
52,265928,5
54,265928,5
55,265928,5
25,265966,5
16,266001,5
21,266001,5
22,266001,5
24,266001,5
35,266001,5
54,266001,5
67,266001,5
11,266012,5
14,266012,5
21,266012,5
22,266012,5
24,266012,5
37,266012,5
42,266065,5
7,266187,5
7,266366,5
42,266477,5
4,266512,5
5,266512,5
14,266512,5
21,266512,5
24,266512,5
11,266529,5
14,266529,5
21,266529,3
51,266529,5
7,266577,5
13,266614,5
23,266614,5
39,266614,5
7,266619,5
20,266619,5
23,266619,5
30,266619,5
35,266619,5
42,266619,5
46,266619,5
29,266738,5
42,266743,5
16,266758,4
54,266758,4
11,266766,5
2,266814,5
21,266814,5
37,266814,5
45,266814,5
54,266814,5
7,266864,5
21,266864,5
24,266864,5
35,267026,5
7,267106,5
14,267106,5
20,267106,5
22,267106,5
42,267106,5
46,267106,5
11,267114,5
30,267154,5
7,267195,5
21,267488,5
42,267765,5
7,267880,5
30,267937,5
16,267959,5
3,268011,5
5,268011,5
11,268011,5
13,268011,5
22,268011,5
24,268011,5
26,268011,5
30,268011,5
39,268011,5
23,268053,5
11,268090,2
20,268090,4
35,268090,4
16,268113,5
11,268152,5
14,268152,5
20,268152,5
21,268152,5
42,268154,4
16,268287,5
20,268287,5
21,268287,5
22,268287,5
23,268287,5
24,268287,5
7,268293,5
21,268293,5
23,268410,5
7,268473,5
13,268473,5
22,268473,4
16,268510,5
35,268516,5
7,268618,5
13,268618,5
32,268764,4
37,268764,5
54,268764,5
55,268764,5
20,268825,5
35,268825,5
42,268825,5
46,268825,5
67,268825,5
14,268926,5
28,268926,3
35,268926,5
67,268926,5
5,268985,5
14,268985,5
4,268989,5
22,268989,5
14,268990,5
26,268990,4
34,268990,4
37,268990,4
7,269020,4
28,269040,4
37,269040,4
50,269040,4
52,269040,4
54,269040,4
55,269040,4
14,269054,5
55,269064,5
20,269110,5
21,269110,5
35,269110,5
3,269204,5
5,269204,5
11,269204,5
13,269204,5
14,269204,5
16,269204,5
25,269204,5
28,269204,4
34,269204,5
44,269204,5
52,269204,5
54,269204,5
55,269204,5
67,269204,5
14,269314,5
26,269314,5
39,269314,2
7,269321,5
22,269518,5
24,269518,5
28,269518,5
7,269526,5
21,269526,5
42,269526,5
7,269540,5
13,269540,5
14,269540,5
21,269540,5
23,269540,5
39,269540,5
13,269541,5
23,269541,5
14,269549,4
30,269570,5
7,269660,5
25,269660,5
42,269660,5
5,269741,5
7,269754,5
42,269754,5
7,269773,5
7,269851,5
35,269874,4
36,269934,5
46,269934,5
46,269937,4
7,269959,4
4,269975,4
20,269975,5
35,269975,5
52,269984,4
16,270009,5
12,270042,5
49,270042,5
52,270042,5
2,270075,3
14,270075,4
26,270075,4
14,270179,5
21,270179,5
21,270232,5
29,270240,5
7,270462,5
7,270596,2
21,270596,5
42,270596,2
13,270606,4
39,270606,5
7,270607,5
39,270607,5
14,270671,5
16,270671,5
20,270671,5
22,270671,5
24,270671,5
32,270671,5
37,270671,5
32,270738,5
54,270738,5
42,270878,5
16,270928,4
14,270988,4
7,271098,5
16,271098,5
26,271154,5
35,271154,5
21,271185,5
37,271185,5
50,271185,5
35,271203,5
14,271326,5
16,271326,5
37,271326,5
37,271338,5
50,271338,4
23,271434,5
16,271519,4
20,271519,4
22,271519,4
35,271519,4
46,271519,4
5,271664,5
11,271664,5
16,271664,5
20,271664,5
21,271664,5
22,271664,5
25,271664,5
30,271664,5
37,271664,5
7,271737,5
7,271837,5
23,271837,5
2,271856,5
14,271856,5
23,271903,5
7,271950,5
21,271950,5
14,271991,5
16,271991,5
20,271991,5
22,271991,5
32,271991,4
37,271991,5
50,271991,5
52,271991,5
2,272058,4
24,272261,4
30,272261,5
42,272283,5
46,272283,5
14,272359,4
21,272436,5
11,272472,5
51,272472,5
4,272510,5
13,272510,5
16,272510,5
20,272510,5
21,272510,5
23,272510,5
30,272510,5
35,272510,5
39,272510,4
59,272510,5
67,272510,4
7,272576,5
2,272586,5
11,272586,5
54,272586,5
4,272838,5
16,272838,5
32,272842,5
34,272842,5
37,272842,5
41,272842,5
48,272842,5
49,272842,5
50,272842,5
52,272842,5
53,272842,5
54,272842,5
16,272887,5
20,272887,5
35,272887,5
5,272909,5
27,272909,5
37,272909,5
7,272923,5
14,272923,5
3,272965,4
14,272965,4
16,272965,4
28,272965,4
30,272965,4
29,273034,5
43,273096,5
12,273132,3
42,273161,5
14,273329,5
35,273423,1
42,273523,5
4,273580,5
11,273580,5
14,273580,5
16,273580,5
23,273580,5
28,273580,5
37,273580,5
23,273601,5
39,273602,5
14,273630,4
21,273630,5
7,273831,5
23,273852,5
7,273951,5
23,273951,5
7,273992,5
2,274039,5
3,274039,5
13,274039,5
14,274039,5
16,274039,4
35,274039,5
2,274050,4
14,274050,5
21,274050,5
37,274050,5
13,274070,5
21,274070,5
23,274070,5
7,274087,5
25,274098,5
7,274166,5
42,274166,5
50,274267,5
42,274347,5
30,274352,5
14,274382,5
21,274382,5
24,274382,5
36,274382,5
28,274433,5
14,274438,5
23,274464,5
5,274498,5
16,274498,5
21,274498,5
22,274498,3
7,274552,5
5,274564,5
16,274564,5
34,274564,5
35,274564,5
43,274564,5
46,274564,5
13,274576,5
21,274576,5
23,274576,5
39,274576,5
29,274624,5
7,274625,5
23,274626,5
24,274626,5
28,274626,5
53,274663,5
2,274814,3
35,274880,4
36,274880,5
7,274893,5
42,274893,5
21,274901,5
2,274906,5
3,274906,4
13,274906,5
14,274906,3
21,274906,5
23,274906,4
28,274906,4
39,274906,5
42,274906,2
7,274985,4
14,274996,5
46,274996,5
7,275004,5
2,275045,3
3,275045,5
5,275045,3
11,275045,5
12,275045,3
14,275045,5
21,275045,3
23,275045,5
35,275045,3
14,275100,5
16,275100,5
21,275100,5
22,275100,5
42,275100,5
7,275113,5
2,275126,5
4,275129,5
14,275129,5
23,275154,5
21,275165,5
24,275165,4
7,275173,4
7,275276,4
30,275298,5
21,275413,4
14,275442,5
46,275442,5
7,275445,5
3,275449,5
5,275449,5
11,275449,5
14,275449,5
21,275449,5
33,275449,5
35,275449,5
36,275449,5
46,275449,5
46,275457,5
7,275468,5
16,275468,5
21,275468,5
39,275470,5
7,275479,5
21,275479,5
42,275479,5
7,275533,5
23,275550,5
46,275572,5
51,275580,5
21,275583,5
24,275583,4
13,275590,5
20,275590,5
21,275590,5
22,275590,5
23,275590,5
42,275590,5
46,275590,5
23,275591,4
16,275637,5
24,275637,4
43,275677,3
7,275684,5
21,275684,5
42,275684,5
46,275684,5
7,275741,5
11,275741,5
20,275741,5
21,275741,5
23,275741,5
30,275741,5
7,275766,5
20,276135,5
35,276135,5
4,276220,5
23,276220,5
13,276381,5
3,276439,5
5,276439,5
13,276439,5
14,276439,5
21,276439,5
22,276439,5
24,276439,5
25,276439,5
30,276439,5
35,276439,5
39,276439,5
43,276439,5
45,276439,5
50,276439,5
16,276455,5
7,276510,5
42,276510,5
46,276510,5
7,276598,5
21,276598,5
23,276664,5
16,276783,5
21,276783,5
22,276783,5
24,276783,5
33,276784,5
7,276790,4
7,276821,5
46,276887,4
14,276938,5
7,276998,4
23,277026,4
33,277026,4
42,277026,5
3,277084,4
4,277084,5
5,277084,5
11,277084,4
13,277084,4
14,277084,4
21,277084,4
23,277084,4
35,277084,4
7,277116,5
3,277228,5
42,277236,5
7,277242,5
14,277242,5
21,277242,4
29,277242,5
35,277242,5
42,277242,5
42,277285,5
45,277312,5
2,277322,5
23,277322,5
42,277322,5
7,277353,5
11,277353,5
21,277353,5
23,277353,5
35,277353,5
37,277353,5
46,277353,5
51,277353,5
7,277378,4
23,277378,4
42,277378,5
46,277378,4
5,277398,5
16,277398,5
21,277398,5
22,277398,5
24,277398,5
2,277403,5
7,277403,5
13,277403,5
21,277403,5
23,277403,5
39,277403,5
42,277403,5
43,277403,5
46,277403,5
15,277418,5
35,277418,5
7,277419,5
7,277508,5
13,277508,5
7,277556,5
3,277557,4
14,277557,5
19,277557,5
23,277557,5
26,277557,5
35,277557,5
20,277562,5
21,277562,5
35,277562,5
7,277591,5
27,277609,5
7,277657,4
7,277668,5
19,277677,5
21,277705,5
13,277718,5
7,277734,5
7,277766,4
21,277782,5
20,277791,5
26,277821,5
21,277845,5
7,277864,5
21,277864,5
13,277866,4
20,277866,4
22,277866,4
23,277866,4
28,277866,3
35,277866,4
46,277866,4
7,277886,5
14,277886,5
21,277886,5
27,277886,5
32,277886,5
34,277886,5
37,277886,5
44,277886,5
46,277886,5
49,277886,5
50,277886,5
52,277886,5
54,277886,5
55,277886,5
7,277945,4
21,277945,4
13,277953,5
21,277953,5
23,277953,5
39,277953,5
7,277964,5
21,277964,5
24,277964,5
23,278039,5
23,278062,5
13,278072,5
13,278077,5
20,278080,5
7,278113,5
3,278115,5
7,278115,5
7,278129,4
21,278129,4
24,278129,3
7,278161,5
4,278177,5
7,278177,5
21,278177,5
42,278213,5
23,278216,3
7,278227,5
7,278280,5
7,278283,4
14,278283,5
20,278283,5
23,278283,5
26,278283,5
35,278283,5
42,278283,5
46,278283,5
7,278304,5
7,278326,5
21,278326,5
22,278326,3
5,278344,5
11,278344,5
7,278353,5
29,278398,3
15,278400,4
35,278417,5
42,278421,5
28,278434,2
23,278444,5
7,278450,5
7,278459,5
16,278459,5
22,278459,5
24,278459,5
66,278459,3
67,278459,4
42,278461,5
7,278483,5
23,278496,5
7,278509,5
7,278539,5
7,278582,5
16,278582,5
21,278582,5
22,278582,5
24,278582,5
32,278582,5
37,278582,5
23,278611,5
42,278611,5
46,278611,5
7,278628,5
16,278684,5
20,278684,5
29,278684,5
35,278684,5
37,278684,5
36,278687,5
28,278691,5
28,278699,5
7,278701,5
21,278701,5
15,278710,5
7,278723,5
15,278731,5
37,278740,5
7,278753,5
13,278753,5
20,278753,5
21,278753,5
22,278753,5
23,278753,5
39,278753,5
7,278758,5
7,278764,5
14,278764,4
20,278764,5
21,278764,4
23,278764,5
35,278764,5
7,278767,5
7,278783,5
14,278789,5
21,278815,5
23,278827,5
42,278827,5
7,278833,4
42,278833,4
23,278843,5
7,278851,5
16,278851,5
20,278851,5
21,278851,5
22,278851,5
23,278851,5
24,278851,5
28,278851,5
30,278851,5
34,278851,5
42,278851,5
29,278853,5
7,278870,5
21,278875,5
23,278875,5
28,278875,5
7,278927,5
11,278927,5
14,278927,5
16,278927,5
20,278927,5
21,278927,5
22,278927,5
24,278927,5
32,278927,5
42,278958,5
46,278958,5
7,278972,5
16,278972,5
20,278972,5
22,278972,5
23,278972,5
35,278972,5
7,278995,5
16,278995,5
23,279055,5
14,279061,5
35,279061,5
14,279062,5
21,279062,5
15,279083,5
7,279101,5
7,279132,5
21,279132,5
7,279169,5
7,279178,5
42,279178,5
23,279196,5
7,279197,5
7,279228,5
21,279228,5
24,279228,5
7,279229,4
7,279231,5
7,279264,5
21,279264,5
46,279264,5
7,279330,5
24,279352,5
37,279352,5
28,279356,5
7,279396,5
29,279404,5
7,279409,5
7,279426,5
7,279428,5
7,279458,5
7,279468,5
24,279468,5
2,279482,5
3,279482,5
12,279482,5
13,279482,5
16,279482,5
21,279482,5
23,279482,5
24,279482,5
39,279482,5
42,279482,5
46,279482,5
7,279508,5
14,279508,5
21,279508,5
23,279508,5
14,279535,5
7,279537,5
42,279537,5
7,279562,5
14,279562,5
16,279562,5
20,279562,5
21,279562,5
22,279562,5
23,279562,5
67,279562,5
7,279597,5
7,279615,5
29,279680,5
22,279726,5
3,279738,5
7,279738,5
12,279738,4
13,279738,4
21,279738,4
23,279738,4
28,279738,3
35,279738,3
42,279738,3
7,279766,5
7,279768,5
7,279784,5
7,279787,5
33,279802,5
7,279862,5
23,279862,5
13,279874,5
23,279874,5
55,279874,5
7,279881,5
37,279907,5
7,279908,5
37,279986,2
7,280019,5
21,280019,5
35,280034,4
7,280049,5
30,280059,5
21,280061,5
2,280114,5
2,280121,4
3,280121,5
5,280121,5
7,280121,5
13,280121,4
14,280121,5
20,280121,5
21,280121,5
23,280121,5
26,280121,5
30,280121,5
35,280121,5
39,280121,5
42,280121,5
46,280121,5
7,280126,5
43,280142,3
48,280148,3
23,280152,5
7,280155,5
23,280159,5
21,280162,5
7,280168,5
29,280178,5
35,280193,5
4,280207,4
11,280207,5
13,280207,5
23,280207,5
39,280207,5
13,280216,5
39,280216,5
23,280243,5
7,280248,4
2,280249,3
7,280249,5
13,280249,5
20,280249,5
21,280249,5
22,280249,5
23,280249,4
25,280249,5
39,280249,5
42,280249,4
46,280249,4
67,280249,4
7,280324,5
16,280324,5
21,280324,5
24,280324,5
30,280324,5
42,280324,5
7,280327,5
7,280330,5
44,280345,5
21,280372,5
23,280372,5
35,280372,5
7,280379,5
14,280379,5
35,280379,5
42,280379,5
46,280379,5
7,280392,5
7,280412,5
7,280430,5
7,280481,5
42,280489,4
42,280516,5
42,280548,3
7,280570,5
7,280581,5
42,280581,5
21,280611,2
2,280613,5
7,280613,5
11,280613,5
13,280613,5
14,280613,5
16,280613,5
21,280613,5
22,280613,5
23,280613,5
24,280613,5
26,280613,5
28,280613,5
30,280613,5
35,280613,5
39,280613,5
42,280613,5
44,280613,5
45,280613,5
46,280613,5
50,280613,4
7,280633,5
7,280644,4
21,280644,3
23,280644,3
7,280655,5
2,280685,5
7,280724,5
11,280724,5
16,280724,5
41,280770,5
3,280772,3
12,280772,3
21,280772,2
35,280788,5
7,280794,5
13,280794,5
23,280794,5
7,280799,5
7,280813,5
7,280814,5
23,280818,1
7,280821,3
16,280821,5
21,280821,4
7,280850,4
42,280850,5
7,280853,5
21,280853,5
7,280854,5
7,280868,5
16,280868,5
21,280868,5
22,280868,5
23,280868,5
24,280868,5
7,280894,5
7,280948,5
34,280948,5
7,280957,4
7,280969,5
7,281010,5
23,281010,5
7,281045,5
33,281071,5
16,281074,5
7,281076,5
2,281084,5
14,281084,5
45,281084,5
42,281107,5
23,281113,5
35,281196,5
7,281200,3
42,281200,4
7,281243,5
7,281255,5
7,281256,5
33,281282,5
35,281293,5
7,281295,5
7,281299,5
21,281299,5
45,281321,5
23,281325,5
42,281339,4
23,281362,5
14,281379,5
21,281404,4
7,281440,5
23,281440,5
24,281440,1
30,281501,5
5,281522,4
21,281522,4
7,281528,5
16,281556,5
7,281608,5
21,281608,4
13,281609,5
42,281609,5
23,281610,5
7,281627,5
14,281671,5
21,281734,5
16,281742,5
23,281802,5
23,281809,5
16,281832,3
7,281870,5
21,281870,5
23,281870,5
24,281870,5
29,281870,5
42,281870,5
46,281870,4
48,281870,5
7,281938,5
23,281938,5
28,281938,5
26,281942,5
2,281961,5
7,281961,5
21,281961,5
22,281961,5
24,281961,5
28,281961,5
37,281961,5
7,281966,5
21,281966,5
24,281966,4
7,281984,5
7,281993,5
13,281993,5
21,281993,5
23,281993,5
39,281993,5
42,281993,5
46,281993,5
23,281999,5
7,282010,5
7,282033,5
42,282033,5
7,282066,5
7,282094,5
7,282107,5
5,282111,5
11,282111,5
23,282111,5
7,282121,5
16,282121,5
21,282121,5
7,282124,5
7,282138,5
7,282159,5
11,282159,5
13,282159,5
14,282159,5
23,282171,5
7,282207,4
23,282207,4
7,282218,5
42,282235,5
3,282273,4
7,282278,5
35,282278,5
5,282291,5
22,282291,5
35,282291,5
16,282307,5
7,282318,5
14,282318,5
16,282318,5
21,282318,5
22,282318,5
24,282318,5
23,282322,5
37,282336,3
7,282344,4
23,282352,4
7,282356,4
7,282366,5
7,282370,5
23,282370,5
21,282371,5
24,282371,5
7,282405,5
7,282408,4
46,282408,5
7,282419,5
7,282426,4
7,282430,4
14,282430,5
23,282430,5
35,282430,5
7,282446,4
21,282446,4
7,282462,5
13,282462,5
23,282462,5
7,282466,5
7,282491,5
7,282529,5
20,282529,5
21,282529,4
22,282529,5
35,282529,5
7,282532,4
7,282542,5
7,282546,5
7,282560,4
21,282560,5
24,282560,5
7,282564,5
23,282564,4
25,282567,5
7,282575,5
21,282575,5
22,282575,5
24,282575,5
25,282575,5
28,282575,5
37,282575,5
13,282586,4
21,282586,4
23,282586,4
39,282586,4
42,282586,4
46,282586,4
7,282591,5
13,282591,5
23,282591,5
39,282591,5
42,282591,5
46,282591,5
23,282594,5
7,282595,5
14,282595,5
42,282595,5
46,282595,5
2,282601,5
7,282601,4
13,282601,5
14,282601,5
21,282601,5
23,282601,5
28,282601,5
46,282601,5
7,282610,5
14,282610,4
23,282610,5
7,282614,5
7,282617,4
7,282626,5
7,282637,5
23,282637,5
16,282643,4
20,282643,5
46,282643,5
23,282668,5
23,282680,5
7,282687,5
22,282687,5
35,282687,5
7,282697,4
16,282697,5
7,282700,5
42,282700,5
7,282705,5
7,282706,5
7,282713,5
35,282720,4
42,282720,4
7,282726,5
13,282726,5
23,282726,5
28,282726,5
45,282726,5
7,282738,4
22,282741,5
7,282749,5
42,282751,5
46,282751,4
35,282763,5
7,282776,4
21,282776,5
23,282776,4
43,282784,5
7,282803,5
3,282807,5
7,282825,4
7,282829,5
42,282829,5
46,282829,5
7,282839,5
46,282839,5
7,282845,5
23,282849,5
7,282864,5
22,282881,5
7,282892,5
23,282892,5
7,282901,5
42,282901,5
36,282915,5
7,282920,5
21,282920,5
23,282920,4
7,282926,5
21,282926,5
42,282935,4
7,282948,5
7,282950,5
2,282954,5
7,282954,5
13,282954,5
21,282954,5
23,282954,5
24,282954,5
39,282954,5
42,282954,5
46,282954,5
7,282956,5
7,282960,4
35,282960,4
2,282977,5
3,282977,5
14,282977,5
15,282977,5
16,282977,5
19,282977,5
21,282977,5
22,282977,5
24,282977,5
26,282977,5
30,282977,5
32,282977,5
33,282977,5
37,282977,5
45,282977,5
7,283025,5
21,283025,5
14,283029,5
20,283029,5
26,283029,5
49,283029,5
50,283029,5
7,283066,5
7,283130,5
3,283131,5
25,283138,5
7,283143,5
13,283166,5
53,283166,5
7,283185,5
23,283237,5
7,283300,5
7,283301,5
7,283318,5
7,283335,5
7,283336,5
7,283341,5
7,283350,5
23,283353,5
7,283357,5
14,283357,4
16,283357,5
21,283357,5
22,283357,5
15,283370,5
7,283382,5
7,283406,4
13,283406,4
21,283406,4
23,283406,4
39,283406,3
42,283406,4
46,283406,3
7,283407,5
14,283407,5
7,283435,5
7,283452,5
20,283452,5
22,283452,5
7,283472,5
45,283473,5
7,283479,5
45,283479,5
21,283576,5
7,283584,5
21,283584,5
7,283612,5
13,283612,5
35,283612,5
51,283612,5
35,283623,5
7,283641,5
7,283648,5
7,283658,5
23,283658,5
7,283679,5
30,283679,5
7,283696,4
21,283696,5
24,283696,4
5,283730,5
7,283730,5
11,283730,5
23,283730,5
35,283730,5
42,283730,5
21,283735,5
7,283745,5
46,283745,5
23,283755,5
7,283782,5
23,283806,5
25,283806,5
7,283809,5
7,283824,5
12,283824,5
21,283824,5
23,283824,5
29,283824,5
42,283831,5
7,283848,4
21,283852,5
14,283854,5
21,283854,5
54,283854,5
14,283855,5
7,283882,5
23,283885,5
7,283886,5
16,283886,4
19,283886,5
35,283886,5
42,283886,5
7,283927,5
23,283927,5
7,283936,5
15,283942,5
7,283967,5
14,284011,5
14,284015,5
16,284015,5
7,284022,5
13,284022,5
21,284022,5
23,284022,5
7,284066,5
23,284066,5
7,284067,4
24,284072,5
51,284091,3
7,284152,5
23,284152,5
42,284160,4
24,284171,4
7,284180,5
21,284180,5
7,284230,5
7,284241,5
23,284241,5
35,284241,5
21,284265,5
23,284266,4
35,284266,5
42,284289,5
7,284292,5
7,284311,5
23,284319,5
7,284334,5
7,284346,5
7,284372,5
7,284379,5
23,284379,5
30,284387,5
7,284397,5
7,284402,5
11,284406,5
2,284438,5
3,284438,5
5,284438,5
7,284438,5
11,284438,5
12,284438,5
13,284438,5
14,284438,5
21,284438,5
23,284438,5
26,284438,5
39,284438,5
42,284438,5
46,284438,5
43,284464,4
3,284482,4
7,284482,4
13,284482,5
21,284482,4
23,284482,4
39,284482,4
42,284482,4
46,284482,4
67,284482,5
7,284492,4
23,284497,5
11,284531,5
22,284531,5
7,284535,5
7,284550,5
42,284556,5
7,284560,5
7,284561,5
42,284561,5
7,284566,5
7,284633,5
15,284643,5
23,284656,5
42,284657,4
35,284662,5
28,284679,5
7,284700,5
7,284731,5
7,284748,5
7,284790,5
23,284790,5
7,284792,5
28,284802,5
7,284803,4
23,284848,5
7,284858,4
13,284858,5
21,284858,5
23,284858,4
39,284858,4
13,284867,5
7,284869,5
3,284907,5
7,284907,5
11,284907,5
14,284907,5
23,284907,5
35,284907,5
45,284907,5
16,284909,5
7,284916,5
42,284916,5
5,284923,5
11,284923,5
14,284923,5
23,284923,5
27,284923,5
30,284923,5
32,284923,5
49,284923,5
52,284923,5
53,284923,5
55,284923,5
7,284997,5
7,285000,5
23,285016,5
7,285037,5
11,285053,5
4,285081,5
26,285081,5
23,285155,4
37,285155,4
39,285155,4
15,285191,5
3,285203,5
7,285241,4
11,285244,4
7,285276,5
23,285296,5
2,285352,5
7,285352,5
14,285352,5
16,285352,5
20,285352,5
21,285352,5
22,285352,5
23,285352,5
24,285352,5
26,285352,5
35,285352,5
42,285352,5
29,285387,5
53,285387,5
13,285397,5
21,285397,5
23,285397,5
7,285406,4
23,285406,5
3,285411,4
7,285411,5
11,285411,3
21,285411,3
23,285411,5
25,285411,4
35,285411,3
43,285411,4
13,285413,5
16,285413,5
42,285414,5
14,285452,5
14,285488,5
7,285489,5
36,285489,2
21,285501,4
7,285509,5
35,285515,5
7,285521,5
15,285540,5
14,285544,5
7,285545,5
20,285553,5
30,285583,5
13,285592,5
23,285630,5
21,285633,5
24,285633,5
52,285633,5
28,285636,5
20,285642,5
37,285642,5
52,285642,5
54,285642,5
55,285642,5
13,285643,5
13,285645,5
21,285651,4
13,285652,5
23,285652,5
39,285652,5
39,285679,5
7,285683,5
21,285686,5
22,285686,5
25,285686,5
21,285727,5
12,285738,5
37,285776,5
14,285782,5
14,285792,5
14,285803,5
13,285816,5
21,285816,5
23,285816,4
7,285823,5
42,285823,5
23,285825,5
16,285885,5
14,285899,5
21,285899,5
23,285899,5
13,285901,5
21,285901,5
3,285902,4
49,285902,4
14,285914,5
13,285931,5
23,285942,4
13,285994,5
2,286007,5
45,286012,3
13,286014,5
39,286014,5
23,286031,5
42,286061,5
28,286063,5
7,286078,5
21,286087,5
13,286090,5
45,286090,5
39,286101,5
42,286111,5
2,286113,5
7,286113,5
28,286114,5
23,286115,5
21,286130,5
23,286131,5
16,286151,5
20,286151,5
29,286151,4
35,286151,5
37,286151,5
13,286173,5
13,286174,4
7,286175,5
7,286178,5
23,286178,5
30,286178,5
7,286203,4
23,286203,5
23,286218,4
28,286218,4
23,286240,4
13,286252,5
13,286263,5
13,286265,5
7,286271,5
23,286271,2
26,286308,2
53,286309,5
7,286324,5
23,286324,5
7,286358,5
23,286358,5
14,286367,5
23,286380,4
21,286396,5
45,286396,5
23,286399,5
21,286406,5
39,286415,5
3,286440,5
7,286440,5
21,286440,5
22,286440,5
23,286440,5
24,286440,5
35,286440,5
36,286440,5
39,286440,5
50,286458,5
23,286466,5
28,286466,5
3,286475,5
7,286475,5
14,286475,5
19,286475,5
21,286475,5
23,286487,4
35,286487,5
23,286488,5
5,286507,5
7,286518,5
7,286527,4
21,286529,5
21,286540,5
55,286563,5
42,286570,5
26,286573,5
7,286585,5
30,286591,5
37,286598,5
27,286606,2
46,286607,5
30,286608,5
13,286609,4
13,286642,5
16,286642,5
30,286642,5
36,286642,4
37,286642,5
50,286642,5
52,286642,4
53,286642,4
55,286642,4
13,286653,5
23,286674,5
7,286675,5
30,286675,5
15,286704,5
7,286708,5
35,286717,4
23,286723,4
7,286730,5
42,286730,5
33,286735,5
42,286753,5
21,286799,4
39,286806,5
35,286807,5
42,286819,5
22,286824,5
49,286824,5
14,286826,5
16,286826,5
21,286826,5
24,286826,5
50,286826,5
37,286834,5
2,286849,4
23,286850,5
42,286850,5
11,286853,5
41,286860,5
7,286865,5
7,286877,5
7,286880,5
2,286883,5
14,286884,5
19,286887,5
7,286936,5
13,286945,5
19,286959,5
7,287043,4
42,287104,4
7,287118,5
42,287137,5
5,287143,5
7,287143,5
14,287143,5
16,287143,5
21,287143,5
22,287143,5
23,287143,3
24,287143,4
37,287143,5
7,287214,5
11,287214,3
20,287214,5
7,287238,5
67,287238,5
7,287287,5
7,287330,5
11,287330,5
23,287330,5
39,287330,5
42,287330,5
15,287331,5
21,287331,5
7,287334,5
23,287334,5
42,287347,5
21,287373,5
29,287420,5
16,287436,5
21,287436,5
37,287436,5
7,287473,5
21,287473,5
7,287482,5
7,287490,5
16,287490,5
21,287490,5
22,287490,5
35,287490,4
35,287504,5
7,287527,5
23,287537,5
7,287548,5
35,287573,5
7,287579,5
7,287632,5
21,287632,5
7,287633,5
7,287636,5
23,287660,5
7,287688,4
28,287711,5
7,287737,4
13,287737,5
21,287737,5
39,287737,5
42,287737,5
46,287737,5
7,287825,5
21,287825,5
43,287874,5
7,287916,5
7,287926,5
33,287975,5
7,287981,5
27,287993,5
7,288003,5
7,288021,5
7,288029,5
2,288071,4
23,288088,5
21,288098,5
7,288136,4
7,288227,5
7,288236,5
7,288269,5
13,288269,5
21,288269,5
28,288269,5
46,288269,5
7,288315,5
7,288333,5
7,288345,5
14,288345,5
16,288345,5
20,288345,5
21,288345,5
24,288345,5
25,288345,5
30,288345,5
32,288345,5
34,288345,5
37,288345,5
46,288345,5
30,288376,5
7,288385,5
43,288392,5
42,288426,4
21,288445,5
4,288514,5
42,288579,5
46,288579,5
7,288597,5
7,288609,5
21,288637,4
7,288645,5
7,288660,5
7,288691,5
42,288691,5
46,288691,5
20,288702,5
7,288719,5
42,288719,4
23,288771,3
21,288773,4
22,288773,4
14,288793,5
23,288793,5
21,288809,5
24,288809,5
7,288877,4
7,288903,5
30,288906,5
23,288909,5
11,288923,1
21,288923,4
7,288929,5
7,288961,5
7,289007,5
2,289019,5
7,289024,5
23,289024,5
42,289024,5
46,289024,5
42,289036,5
7,289047,5
20,289047,5
23,289047,5
35,289047,5
15,289069,3
21,289094,5
42,289094,5
21,289118,5
35,289194,5
7,289200,4
7,289210,5
42,289232,5
7,289255,5
2,289270,4
12,289270,4
13,289270,5
34,289270,4
46,289270,4
4,289285,5
7,289287,5
7,289329,5
42,289329,5
21,289432,5
7,289530,5
7,289561,5
7,289567,5
23,289630,5
7,289643,5
23,289643,5
7,289655,5
23,289655,5
35,289723,4
7,289802,5
13,289802,5
23,289802,5
39,289802,5
42,289802,5
7,289805,5
20,289805,5
21,289805,5
7,289812,5
7,289886,5
7,289891,5
7,289902,5
24,289904,4
7,289910,5
13,289910,5
23,289910,5
28,289910,5
46,289910,5
7,290003,5
7,290082,5
7,290111,5
23,290163,5
23,290197,4
7,290226,3
42,290226,4
23,290242,5
7,290264,5
35,290281,5
7,290342,5
7,290350,5
7,290353,5
23,290353,5
42,290353,5
46,290353,4
42,290381,5
42,290416,5
14,290444,4
14,290458,5
7,290465,5
21,290465,5
22,290465,5
25,290465,5
23,290469,5
7,290487,5
13,290487,5
42,290487,3
7,290558,5
7,290590,5
16,290758,5
15,290763,5
7,290773,5
7,290815,4
7,290843,5
13,290843,4
23,290843,4
39,290843,4
42,290854,5
7,290884,5
14,290945,5
7,290957,5
7,290970,5
15,290983,3
7,290988,5
29,290988,5
42,290988,5
7,290989,5
42,290989,5
16,291002,5
21,291057,5
16,291061,5
21,291061,5
24,291061,5
67,291088,5
42,291100,5
7,291116,5
13,291116,5
21,291116,5
23,291116,5
39,291116,5
42,291116,5
46,291116,5
11,291122,5
16,291126,5
14,291146,3
20,291165,5
23,291165,5
7,291220,5
7,291250,5
23,291250,5
7,291264,5
16,291264,5
35,291264,5
27,291321,5
7,291347,5
12,291347,5
7,291381,5
7,291401,3
42,291401,2
7,291425,5
14,291425,5
21,291425,5
23,291425,5
35,291425,5
26,291445,5
7,291452,5
13,291452,5
23,291452,5
39,291452,5
7,291463,5
7,291487,5
21,291487,5
21,291528,5
7,291566,4
28,291567,3
7,291576,5
14,291576,5
20,291576,5
21,291577,4
23,291577,4
23,291582,5
14,291586,5
7,291606,5
23,291611,4
7,291626,5
14,291626,5
25,291626,5
26,291626,5
28,291626,5
35,291626,5
28,291637,5
7,291706,5
28,291713,4
7,291730,5
7,291743,5
7,291744,5
30,291744,5
42,291744,5
7,291769,5
23,291769,5
39,291769,5
42,291769,3
46,291769,5
4,291789,5
7,291789,5
14,291789,5
16,291789,5
21,291789,5
23,291789,5
24,291789,5
32,291789,5
39,291789,5
42,291789,5
46,291789,5
29,291824,5
23,291841,5
42,291873,5
7,291945,5
23,291945,5
42,291945,5
46,291945,5
7,291949,5
21,291949,5
7,291976,4
7,291998,5
7,292033,5
20,292033,5
35,292033,5
23,292057,5
7,292113,5
7,292114,5
42,292114,2
7,292129,5
42,292139,5
3,292151,5
7,292151,5
11,292151,5
13,292151,5
14,292151,5
20,292151,5
21,292151,5
23,292151,5
35,292151,5
39,292151,5
42,292151,5
46,292151,5
42,292385,5
21,292406,5
37,292406,5
53,292406,5
7,292411,5
42,292423,5
37,292429,5
7,292435,5
46,292436,5
7,292440,5
7,292463,5
21,292486,5
16,292491,5
24,292491,2
16,292496,5
20,292496,5
30,292496,3
35,292496,5
7,292498,4
13,292499,5
7,292510,5
33,292514,5
23,292528,5
7,292531,4
35,292536,5
4,292572,5
7,292572,5
14,292572,5
20,292572,5
21,292572,5
23,292572,5
35,292572,5
42,292574,5
7,292578,3
7,292585,5
21,292585,5
7,292589,3
7,292595,4
24,292596,3
7,292601,5
42,292601,5
7,292608,5
7,292611,5
14,292611,5
20,292611,5
21,292611,4
35,292611,5
67,292611,4
7,292620,5
7,292625,4
11,292625,5
16,292625,5
21,292625,5
22,292625,5
23,292632,5
42,292632,5
7,292640,5
20,292640,5
22,292640,5
7,292650,5
21,292650,5
24,292650,4
42,292650,4
16,292671,5
7,292714,5
25,292784,5
7,292815,5
21,292815,5
22,292815,5
23,292815,5
35,292815,5
42,292815,5
46,292815,5
16,292818,4
7,292862,5
23,292862,5
42,292862,5
46,292862,5
7,292898,5
14,292924,4
16,292924,5
7,292931,5
48,292932,4
21,292951,5
7,292967,4
16,292967,4
23,292967,4
7,293002,5
46,293002,5
7,293013,5
7,293019,5
15,293020,5
7,293021,5
23,293053,5
14,293064,5
7,293067,5
46,293067,5
23,293074,5
3,293083,5
7,293083,5
12,293083,5
13,293083,5
21,293083,5
23,293083,5
24,293083,5
28,293083,5
39,293083,5
42,293083,5
46,293083,5
67,293083,5
16,293088,5
35,293107,5
23,293119,5
21,293126,5
7,293185,5
13,293207,5
14,293207,5
23,293207,5
39,293207,4
7,293214,5
21,293214,5
37,293215,5
43,293216,5
7,293274,5
20,293274,5
35,293274,5
7,293298,5
7,293303,5
21,293303,5
23,293303,5
7,293311,5
4,293324,5
7,293324,5
23,293324,5
42,293324,5
35,293335,5
35,293345,5
23,293346,5
7,293365,5
37,293379,5
7,293418,5
35,293425,5
7,293458,5
7,293461,5
16,293490,5
14,293491,5
7,293494,5
7,293530,5
7,293539,5
23,293539,4
42,293539,3
7,293543,5
4,293564,4
21,293564,5
23,293564,4
46,293564,4
28,293575,5
67,293600,5
4,293602,5
7,293626,5
7,293639,5
7,293646,5
2,293713,5
7,293713,5
14,293713,5
26,293713,5
33,293713,5
42,293713,4
16,293751,4
7,293758,5
21,293765,5
23,293766,5
16,293780,5
23,293858,5
7,293866,5
7,293879,5
42,293879,5
7,293887,5
23,293892,5
21,293951,5
23,293953,5
16,293962,5
21,293962,5
22,293962,5
7,293965,5
42,293965,5
46,293965,5
42,293975,5
21,294006,5
16,294020,5
7,294101,5
7,294111,5
14,294113,5
21,294113,5
37,294113,5
42,294163,5
23,294185,5
11,294193,4
7,294219,5
7,294229,5
7,294286,5
13,294286,5
23,294286,5
42,294286,5
7,294338,5
21,294338,5
42,294338,5
7,294412,5
7,294429,5
23,294429,5
21,294444,5
7,294466,5
28,294540,5
7,294575,5
14,294590,5
23,294592,5
21,294608,5
21,294629,5
53,294629,5
7,294633,5
42,294639,5
7,294674,5
14,294674,5
42,294674,5
7,294682,5
7,294689,5
7,294715,5
42,294725,5
16,294760,4
14,294783,4
23,294792,4
7,294807,5
16,294807,5
35,294807,5
23,294812,5
11,294821,5
16,294822,5
7,294845,4
26,294860,5
35,294907,5
53,294932,3
7,294948,5
7,294949,5
20,294949,5
21,294949,5
7,294979,5
42,295001,5
67,295006,4
16,295010,5
16,295030,4
35,295060,5
13,295078,5
36,295088,5
4,295114,5
7,295114,5
11,295114,5
13,295114,5
14,295114,5
21,295114,5
23,295114,5
24,295114,5
26,295114,5
35,295114,5
39,295114,5
42,295114,5
16,295127,4
4,295177,5
7,295177,5
11,295177,5
14,295177,5
20,295177,5
21,295177,5
22,295177,5
23,295177,5
26,295177,5
30,295177,5
32,295177,5
35,295177,5
45,295177,5
21,295217,5
23,295231,5
7,295241,5
4,295250,5
14,295250,5
23,295250,5
42,295250,5
4,295256,5
7,295256,5
16,295256,5
20,295256,5
21,295256,5
22,295256,5
24,295256,5
35,295256,5
37,295256,5
7,295262,5
26,295300,4
7,295322,5
7,295335,5
13,295337,4
28,295337,5
7,295355,5
7,295363,5
11,295363,5
7,295398,5
7,295420,5
42,295427,5
42,295443,5
23,295466,5
21,295527,5
53,295527,4
23,295531,5
7,295573,5
7,295578,5
21,295578,5
27,295601,5
4,295646,5
43,295668,5
7,295689,5
7,295771,5
7,295781,4
37,295789,5
4,295817,5
7,295817,5
22,295829,5
7,295863,5
27,295890,5
23,295898,5
7,295929,5
7,295930,5
7,295973,5
33,295988,5
16,296020,5
7,296058,5
42,296058,5
7,296124,5
7,296147,5
22,296173,4
7,296174,5
11,296211,5
7,296251,4
16,296252,5
7,296254,4
20,296262,5
16,296280,5
53,296284,5
7,296290,5
14,296290,5
45,296327,5
14,296371,5
23,296372,5
23,296380,5
7,296388,5
23,296388,3
7,296396,5
7,296402,5
21,296402,5
7,296426,5
21,296426,5
7,296429,5
42,296433,5
7,296459,4
23,296460,5
7,296461,5
16,296461,5
42,296461,5
7,296467,4
7,296530,5
7,296533,4
7,296589,5
16,296631,5
7,296645,5
12,296645,5
21,296709,5
7,296724,5
30,296754,5
16,296757,5
22,296775,5
29,296780,5
21,296781,5
7,296785,5
7,296793,5
7,296812,5
7,296813,4
13,296813,5
23,296881,5
7,296967,4
7,297029,5
