purchase_id,student_id,purchase_type,date_purchased,date_refunded
15781,258800,2,2022-01-01,\N
15786,258803,2,2022-01-01,\N
15808,258862,2,2022-01-01,\N
15809,258865,2,2022-01-01,\N
15811,258878,2,2022-01-01,\N
15813,258908,0,2022-01-01,\N
15815,258913,2,2022-01-02,2022-01-06
15816,258916,2,2022-01-02,\N
15827,258984,2,2022-01-02,\N
15828,259011,2,2022-01-02,2022-02-07
15829,259039,0,2022-01-02,\N
15844,259106,2,2022-01-03,\N
15845,258818,2,2022-01-03,\N
15846,258955,2,2022-01-03,\N
15847,259155,0,2022-01-03,2022-01-31
15853,259209,2,2022-01-04,\N
15862,258922,2,2022-01-04,\N
15863,259028,0,2022-01-04,\N
15865,259258,0,2022-01-04,\N
15867,259026,0,2022-01-04,\N
15868,259261,2,2022-01-04,2022-01-24
15869,259273,0,2022-01-04,\N
15872,259305,0,2022-01-05,\N
15885,259268,0,2022-01-05,\N
15888,259398,0,2022-01-05,2022-01-24
15889,259408,0,2022-01-05,\N
15890,259429,2,2022-01-06,\N
15891,259447,2,2022-01-06,\N
15903,259534,0,2022-01-06,\N
15904,259482,2,2022-01-06,2022-01-14
15905,259174,2,2022-01-07,\N
15916,259614,2,2022-01-07,\N
15917,259510,0,2022-01-07,\N
15918,259635,2,2022-01-07,\N
15921,259684,2,2022-01-08,\N
15931,259702,0,2022-01-08,\N
15932,259260,2,2022-01-08,\N
15933,258980,2,2022-01-08,\N
15934,259727,2,2022-01-08,\N
15936,259657,2,2022-01-08,\N
15941,258822,0,2022-01-09,\N
15952,259504,0,2022-01-09,\N
15954,259476,0,2022-01-09,\N
15955,259777,0,2022-01-09,\N
15956,258971,0,2022-01-09,\N
15957,259862,2,2022-01-09,\N
15958,259283,0,2022-01-09,\N
15960,259865,0,2022-01-10,\N
15961,259664,2,2022-01-10,\N
15965,259549,2,2022-01-10,\N
15966,259731,0,2022-01-10,\N
15971,259473,2,2022-01-10,\N
15972,259938,0,2022-01-10,\N
15973,259860,0,2022-01-10,\N
15975,259952,2,2022-01-10,\N
15976,259953,2,2022-01-10,\N
15978,259959,2,2022-01-10,\N
15979,259965,0,2022-01-10,\N
15987,260029,2,2022-01-11,\N
15990,259834,2,2022-01-11,\N
15992,259262,2,2022-01-11,\N
15995,259689,0,2022-01-11,\N
15996,259437,2,2022-01-11,\N
15999,259969,2,2022-01-12,\N
16000,259506,2,2022-01-12,\N
16001,259973,0,2022-01-11,\N
16003,260111,2,2022-01-12,\N
16007,260126,2,2022-01-12,\N
16011,260132,2,2022-01-12,\N
16019,259756,2,2022-01-12,2022-02-07
16020,260168,2,2022-01-12,\N
16021,260180,0,2022-01-12,\N
16022,260181,2,2022-01-12,\N
16023,260164,1,2022-01-12,\N
16027,260173,1,2022-01-13,\N
16028,260217,2,2022-01-13,\N
16048,259996,0,2022-01-13,\N
16050,260192,2,2022-01-13,\N
16051,259464,0,2022-01-13,\N
16052,260291,2,2022-01-13,\N
16053,260324,0,2022-01-13,\N
16055,260335,2,2022-01-14,\N
16057,260354,0,2022-01-14,\N
16079,260265,0,2022-01-14,2022-01-20
16082,260423,2,2022-01-14,\N
16084,260211,0,2022-01-14,\N
16085,260465,0,2022-01-14,\N
16086,260483,2,2022-01-15,\N
16087,260494,0,2022-01-15,\N
16106,260356,0,2022-01-15,\N
16107,260549,2,2022-01-15,\N
16109,260321,2,2022-01-15,\N
16111,260578,2,2022-01-15,\N
16112,260486,2,2022-01-16,\N
16117,260616,2,2022-01-16,\N
16129,260646,0,2022-01-16,\N
16131,260649,2,2022-01-16,\N
16135,260707,2,2022-01-17,\N
16136,260593,2,2022-01-17,\N
16137,260715,2,2022-01-17,2022-02-07
16140,260742,0,2022-01-17,\N
16152,260062,2,2022-01-17,2022-01-25
16154,260792,2,2022-01-17,2022-02-07
16158,260809,2,2022-01-17,\N
16159,260815,2,2022-01-17,\N
16166,260829,2,2022-01-18,\N
16167,260329,2,2022-01-18,\N
16168,260842,2,2022-01-18,\N
16169,260033,2,2022-01-18,\N
16176,260855,2,2022-01-18,\N
16186,260664,2,2022-01-18,\N
16188,260865,2,2022-01-18,\N
16191,260885,0,2022-01-18,\N
16192,260834,2,2022-01-18,\N
16194,260891,2,2022-01-18,\N
16198,260909,0,2022-01-18,\N
16199,260910,2,2022-01-19,\N
16200,260920,2,2022-01-19,\N
16201,260913,0,2022-01-19,\N
16203,260572,2,2022-01-19,\N
16217,260952,2,2022-01-19,\N
16218,260898,0,2022-01-19,\N
16219,260954,2,2022-01-19,\N
16225,260968,2,2022-01-19,\N
16226,260971,2,2022-01-19,\N
16228,260977,2,2022-01-19,\N
16230,260176,2,2022-01-19,\N
16231,260991,2,2022-01-19,\N
16232,260988,2,2022-01-19,\N
16237,260998,2,2022-01-20,\N
16261,261022,2,2022-01-20,\N
16264,260608,2,2022-01-20,\N
16265,261039,2,2022-01-20,\N
16266,260684,2,2022-01-20,\N
16269,261061,2,2022-01-20,\N
16271,261072,2,2022-01-20,\N
16272,261073,0,2022-01-20,\N
16275,261084,2,2022-01-20,\N
16277,261086,2,2022-01-20,\N
16285,261110,2,2022-01-21,\N
16287,260216,2,2022-01-21,\N
16289,261132,0,2022-01-21,\N
16316,260754,2,2022-01-21,\N
16318,259483,2,2022-01-21,\N
16319,261158,2,2022-01-21,\N
16320,261173,2,2022-01-21,\N
16321,260813,2,2022-01-21,\N
16322,261177,2,2022-01-21,\N
16323,259474,0,2022-01-21,2022-02-21
16324,261183,2,2022-01-21,\N
16326,260477,2,2022-01-16,2022-02-10
16327,261200,2,2022-01-21,2022-02-07
16333,261217,2,2022-01-22,\N
16334,261212,0,2022-01-22,\N
16335,261121,2,2022-01-22,\N
16336,261227,2,2022-01-22,\N
16337,261228,0,2022-01-22,\N
16353,261241,2,2022-01-22,\N
16355,260831,2,2022-01-22,\N
16356,261263,2,2022-01-22,\N
16357,261019,2,2022-01-22,\N
16358,261268,0,2022-01-22,\N
16359,261210,2,2022-01-22,\N
16360,261003,2,2022-01-22,\N
16361,261085,2,2022-01-22,\N
16362,261276,2,2022-01-22,\N
16365,261288,2,2022-01-23,\N
16366,261290,2,2022-01-23,2022-02-11
16367,261293,2,2022-01-23,\N
16368,261295,2,2022-01-23,\N
16387,261359,2,2022-01-23,\N
16388,261349,2,2022-01-23,\N
16389,261059,2,2022-01-23,\N
16390,261367,2,2022-01-23,\N
16391,261374,2,2022-01-23,\N
16393,261389,2,2022-01-24,\N
16394,261390,2,2022-01-24,\N
16395,261393,2,2022-01-24,2022-01-25
16396,261412,2,2022-01-24,\N
16404,261417,2,2022-01-24,\N
16408,259283,2,2022-01-24,\N
16409,259494,2,2022-01-24,\N
16411,261446,2,2022-01-24,\N
16414,261452,2,2022-01-24,\N
16415,261483,2,2022-01-24,\N
16419,261490,2,2022-01-24,\N
16421,261495,2,2022-01-24,\N
16422,259523,2,2022-01-25,\N
16423,260702,2,2022-01-25,\N
16425,261291,2,2022-01-25,\N
16426,260850,0,2022-01-25,\N
16427,261171,2,2022-01-25,\N
16428,261408,2,2022-01-25,\N
16430,261538,2,2022-01-25,\N
16440,261518,0,2022-01-25,2022-03-01
16441,261552,2,2022-01-25,\N
16442,260916,2,2022-01-25,\N
16443,261558,2,2022-01-25,\N
16445,261565,2,2022-01-25,\N
16446,261567,2,2022-01-25,\N
16450,260345,2,2022-01-25,\N
16452,261577,2,2022-01-25,\N
16456,260915,2,2022-01-25,\N
16458,261593,2,2022-01-25,\N
16459,259171,1,2022-01-25,\N
16462,260787,2,2022-01-26,\N
16463,261391,2,2022-01-26,2022-02-21
16464,261585,0,2022-01-26,\N
16466,261603,2,2022-01-26,\N
16467,261607,2,2022-01-26,\N
16468,261610,2,2022-01-26,\N
16469,261621,2,2022-01-26,\N
16480,260024,2,2022-01-26,\N
16481,261550,2,2022-01-26,\N
16483,261633,2,2022-01-26,\N
16489,261510,2,2022-01-26,\N
16491,261491,0,2022-01-26,\N
16492,259300,2,2022-01-26,\N
16493,261658,2,2022-01-26,\N
16495,261661,2,2022-01-26,\N
16497,261662,2,2022-01-26,\N
16498,261455,0,2022-01-26,\N
16499,259524,2,2022-01-26,\N
16500,261674,2,2022-01-26,\N
16501,261679,2,2022-01-26,\N
16502,261239,2,2022-01-26,\N
16504,261685,2,2022-01-26,\N
16506,261690,2,2022-01-26,\N
16511,261714,2,2022-01-27,\N
16519,261721,2,2022-01-27,\N
16521,261724,0,2022-01-27,\N
16522,261522,2,2022-01-27,\N
16525,261735,2,2022-01-27,\N
16526,261736,2,2022-01-27,2022-01-31
16527,261323,2,2022-01-27,\N
16529,261337,2,2022-01-27,\N
16532,261619,2,2022-01-27,\N
16533,261654,2,2022-01-27,\N
16535,260980,2,2022-01-27,\N
16536,261519,2,2022-01-27,\N
16538,261758,2,2022-01-27,\N
16539,261431,0,2022-01-27,2022-02-09
16543,261756,2,2022-01-27,\N
16544,258913,2,2022-01-27,\N
16545,261766,2,2022-01-27,\N
16546,261184,2,2022-01-27,\N
16547,259054,2,2022-01-27,\N
16548,261768,2,2022-01-27,\N
16550,261771,2,2022-01-27,\N
16552,261773,0,2022-01-27,\N
16553,261778,2,2022-01-27,\N
16554,261779,2,2022-01-27,\N
16555,261755,2,2022-01-27,\N
16557,261682,2,2022-01-27,\N
16559,261590,2,2022-01-27,\N
16560,261783,2,2022-01-27,\N
16563,261785,2,2022-01-27,\N
16564,261788,2,2022-01-27,2022-02-21
16565,260698,2,2022-01-27,\N
16566,261750,2,2022-01-27,2022-04-05
16567,261704,2,2022-01-27,\N
16568,261737,2,2022-01-27,\N
16573,261789,2,2022-01-28,\N
16576,261782,2,2022-01-27,\N
16577,261777,2,2022-01-27,\N
16578,261791,2,2022-01-28,\N
16579,261790,2,2022-01-28,\N
16580,259870,2,2022-01-28,\N
16582,261589,2,2022-01-28,\N
16583,261796,2,2022-01-28,\N
16585,261787,2,2022-01-28,\N
16587,261801,2,2022-01-28,\N
16588,261802,2,2022-01-28,\N
16589,261805,2,2022-01-28,2022-02-14
16593,261615,2,2022-01-28,2022-01-28
16596,261808,2,2022-01-28,\N
16597,261810,2,2022-01-28,\N
16598,261809,2,2022-01-28,\N
16600,261138,2,2022-01-28,\N
16601,261813,2,2022-01-28,\N
16603,261816,2,2022-01-28,\N
16604,261817,2,2022-01-28,\N
16605,261819,2,2022-01-28,\N
16606,261820,2,2022-01-28,\N
16607,261822,2,2022-01-28,\N
16619,261825,2,2022-01-28,\N
16628,259781,2,2022-01-27,\N
16649,261466,0,2022-01-29,\N
16658,261995,0,2022-01-30,\N
16659,262071,0,2022-01-31,\N
16664,262068,2,2022-01-31,\N
16665,261979,1,2022-01-31,\N
16666,262119,2,2022-01-31,\N
16670,262190,0,2022-02-01,\N
16672,262224,2,2022-02-01,\N
16688,262198,0,2022-02-01,\N
16690,261692,2,2022-02-01,\N
16691,262273,2,2022-02-01,\N
16692,262288,2,2022-02-01,\N
16697,261905,2,2022-02-02,\N
16698,261608,1,2022-02-02,\N
16701,259039,0,2022-02-02,\N
16707,262392,2,2022-02-02,\N
16708,262406,2,2022-02-03,\N
16711,262414,2,2022-02-03,\N
16714,262470,2,2022-02-03,\N
16722,262237,2,2022-02-03,\N
16723,261831,2,2022-02-03,2022-02-24
16724,262550,2,2022-02-03,\N
16726,262459,2,2022-02-04,\N
16727,262599,2,2022-02-04,\N
16733,259258,0,2022-02-04,\N
16736,259026,0,2022-02-04,\N
16737,262634,2,2022-02-04,\N
16739,262648,2,2022-02-04,\N
16741,262641,2,2022-02-05,\N
16752,259408,0,2022-02-05,\N
16754,262739,2,2022-02-05,2022-02-21
16756,262750,0,2022-02-05,\N
16758,262754,2,2022-02-05,\N
16759,262784,2,2022-02-05,\N
16761,262792,0,2022-02-05,\N
16763,262596,0,2022-02-06,\N
16764,262643,1,2022-02-06,\N
16765,262817,2,2022-02-06,\N
16766,262821,0,2022-02-06,\N
16775,259534,0,2022-02-06,\N
16777,259305,0,2022-02-06,\N
16778,262826,2,2022-02-06,\N
16779,262613,0,2022-02-06,\N
16780,262861,2,2022-02-06,\N
16781,262675,0,2022-02-06,\N
16782,262908,0,2022-02-07,\N
16786,259510,0,2022-02-07,\N
16787,261554,2,2022-02-07,\N
16788,262944,2,2022-02-07,\N
16789,262955,2,2022-02-07,\N
16790,262738,2,2022-02-07,\N
16791,262967,0,2022-02-07,\N
16792,262992,0,2022-02-07,\N
16793,263000,2,2022-02-07,\N
16794,262991,0,2022-02-07,2022-02-09
16801,259702,0,2022-02-08,\N
16827,263065,2,2022-02-08,\N
16828,263065,2,2022-02-08,2022-02-14
16834,263069,0,2022-02-08,2022-02-08
16837,263072,0,2022-02-08,2022-02-09
16839,263074,0,2022-02-08,2022-02-09
16840,263077,0,2022-02-08,2022-02-09
16841,263078,0,2022-02-08,2022-02-09
16843,263079,0,2022-02-08,2022-02-09
16844,263080,0,2022-02-08,2022-02-09
16845,263082,0,2022-02-08,2022-02-09
16855,263104,0,2022-02-08,\N
16856,263112,0,2022-02-08,\N
16857,263118,2,2022-02-08,\N
16858,263120,2,2022-02-08,\N
16859,263126,0,2022-02-08,\N
16862,263076,0,2022-02-09,\N
16868,259283,0,2022-02-09,\N
16872,259777,2,2022-02-09,\N
16874,262726,2,2022-02-09,\N
16876,262988,2,2022-02-09,\N
16877,261668,0,2022-02-09,\N
16878,263216,2,2022-02-09,\N
16879,262377,2,2022-02-09,\N
16880,262973,1,2022-02-09,\N
16883,263146,2,2022-02-10,\N
16887,259731,0,2022-02-10,2022-03-10
16888,259965,0,2022-02-10,\N
16890,259860,0,2022-02-10,\N
16895,259938,0,2022-02-10,\N
16896,262819,2,2022-02-10,\N
16897,262580,0,2022-02-10,\N
16898,263296,2,2022-02-10,\N
16899,263210,0,2022-02-10,\N
16900,261883,0,2022-02-10,\N
16903,263321,2,2022-02-11,\N
16904,263087,2,2022-02-11,\N
16914,259689,0,2022-02-11,\N
16920,261828,0,2022-02-11,\N
16921,263392,2,2022-02-11,\N
16922,263300,2,2022-02-12,\N
16927,260180,0,2022-02-12,\N
16933,259865,0,2022-02-12,\N
16934,263231,2,2022-02-12,\N
16935,263472,2,2022-02-12,\N
16936,263480,0,2022-02-13,\N
16937,263483,0,2022-02-13,\N
16948,259996,0,2022-02-13,\N
16949,263531,2,2022-02-13,\N
16950,263535,2,2022-02-13,\N
16952,263545,2,2022-02-13,\N
16953,263368,2,2022-02-13,\N
16954,263364,0,2022-02-13,\N
16955,263564,2,2022-02-13,\N
16956,263481,0,2022-02-14,\N
16957,263501,2,2022-02-14,\N
16962,260465,0,2022-02-14,\N
16969,260354,0,2022-02-14,\N
16971,260211,0,2022-02-14,\N
16973,258883,2,2022-01-01,\N
16974,259070,2,2022-01-03,\N
16975,259767,2,2022-01-09,\N
16977,262457,0,2022-02-14,\N
16978,261626,2,2022-01-26,\N
16979,261644,2,2022-01-26,\N
16980,261647,2,2022-01-26,\N
16981,261670,2,2022-01-26,\N
16982,262297,2,2022-02-01,\N
16983,262421,2,2022-02-03,\N
16984,262585,2,2022-02-03,\N
16985,262677,2,2022-02-04,\N
16987,263639,2,2022-02-14,\N
16994,263672,0,2022-02-14,\N
16995,263672,2,2022-02-14,\N
16998,263692,2,2022-02-14,\N
16999,263551,0,2022-02-14,\N
17003,263494,2,2022-02-15,\N
17013,260774,0,2022-02-15,\N
17015,263479,0,2022-02-15,\N
17017,263759,2,2022-02-15,\N
17018,263776,2,2022-02-15,\N
17019,263783,0,2022-02-15,\N
17020,263363,2,2022-02-15,\N
17021,263536,0,2022-02-15,\N
17022,263690,0,2022-02-15,\N
17026,263791,0,2022-02-16,\N
17032,260646,0,2022-02-16,\N
17040,263842,2,2022-02-16,\N
17042,263293,2,2022-02-16,\N
17047,263798,2,2022-02-16,\N
17058,261805,2,2022-02-17,\N
17062,263933,2,2022-02-17,\N
17065,263648,2,2022-02-17,\N
17066,260742,0,2022-02-17,\N
17083,263941,2,2022-02-17,\N
17086,263942,0,2022-02-17,\N
17096,263913,0,2022-02-17,\N
17106,260885,0,2022-02-18,\N
17107,263388,2,2022-02-18,\N
17108,260042,2,2022-02-18,\N
17109,264141,2,2022-02-18,\N
17110,264076,0,2022-02-18,\N
17112,260356,0,2022-02-18,\N
17113,264167,2,2022-02-18,2022-02-21
17124,258930,0,2022-02-19,\N
17125,263496,2,2022-02-19,\N
17126,264254,0,2022-02-19,\N
17127,262270,0,2022-02-19,\N
17128,264253,0,2022-02-19,\N
17129,262714,1,2022-02-20,\N
17130,264290,2,2022-02-20,\N
17133,263859,2,2022-02-20,\N
17134,263497,2,2022-02-20,\N
17139,261073,0,2022-02-20,\N
17145,264316,2,2022-02-20,2022-02-21
17146,264323,2,2022-02-20,\N
17147,263650,2,2022-02-20,\N
17148,264259,0,2022-02-20,\N
17149,263786,0,2022-02-20,\N
17152,263706,2,2022-02-21,\N
17153,264391,0,2022-02-21,\N
17164,264417,0,2022-02-21,\N
17165,263920,2,2022-02-21,\N
17167,264434,1,2022-02-21,2022-02-28
17169,264476,2,2022-02-21,\N
17171,264513,2,2022-02-21,\N
17179,261228,0,2022-02-22,\N
17183,261212,0,2022-02-22,\N
17189,264118,2,2022-02-22,\N
17191,262412,2,2022-02-22,\N
17192,264677,2,2022-02-23,\N
17193,264679,2,2022-02-23,\N
17195,264404,2,2022-02-23,\N
17196,264694,0,2022-02-23,\N
17197,264696,2,2022-02-23,\N
17198,264081,0,2022-02-23,\N
17208,264514,0,2022-02-23,\N
17209,264761,0,2022-02-23,\N
17210,264472,0,2022-02-23,\N
17211,264746,0,2022-02-23,\N
17214,264549,2,2022-02-24,\N
17225,264637,2,2022-02-24,\N
17226,264131,2,2022-02-24,\N
17227,264916,2,2022-02-24,\N
17229,264049,2,2022-02-24,\N
17231,264888,0,2022-02-25,\N
17232,264146,2,2022-02-25,\N
17241,264400,2,2022-02-25,\N
17242,264826,2,2022-02-25,\N
17243,264572,2,2022-02-25,\N
17245,265044,2,2022-02-25,\N
17246,264291,0,2022-02-26,\N
17250,265077,2,2022-02-26,\N
17255,261491,0,2022-02-26,\N
17262,265130,0,2022-02-26,\N
17263,263661,2,2022-02-26,\N
17264,265106,2,2022-02-26,\N
17265,263683,2,2022-02-26,\N
17266,264502,0,2022-02-26,\N
17269,265093,2,2022-02-27,\N
17272,261724,0,2022-02-27,\N
17274,265201,2,2022-02-27,\N
17276,265218,2,2022-02-27,\N
17278,264699,0,2022-02-27,\N
17281,265250,0,2022-02-27,\N
17282,265110,0,2022-02-27,\N
17284,265121,2,2022-02-28,\N
17285,264361,0,2022-02-28,\N
17306,261995,0,2022-02-28,\N
17316,261466,0,2022-02-28,\N
17323,265339,2,2022-02-28,\N
17330,265337,2,2022-02-28,\N
17331,264623,2,2022-02-28,\N
17332,264425,2,2022-02-28,\N
17334,265025,2,2022-02-28,\N
17337,265390,2,2022-02-28,\N
17338,264909,2,2022-02-28,\N
17339,265023,2,2022-02-28,\N
17340,265415,2,2022-02-28,\N
17341,265418,2,2022-02-28,\N
17342,265182,0,2022-02-28,\N
17344,265424,0,2022-02-28,\N
17349,265462,2,2022-03-01,\N
17351,265317,0,2022-03-01,\N
17360,262190,0,2022-03-01,\N
17368,265262,0,2022-03-01,\N
17369,265483,0,2022-03-01,\N
17370,265302,0,2022-03-01,\N
17372,265519,0,2022-03-01,\N
17373,265506,0,2022-03-01,\N
17374,265328,2,2022-03-01,\N
17375,265572,2,2022-03-02,\N
17377,265581,2,2022-03-02,\N
17380,259039,0,2022-03-02,\N
17385,265618,0,2022-03-02,\N
17386,265578,0,2022-03-02,\N
17387,262569,0,2022-03-02,\N
17388,263677,2,2022-03-02,\N
17391,265714,2,2022-03-03,\N
17395,262421,0,2022-03-03,\N
17400,265241,0,2022-03-03,\N
17402,265176,0,2022-03-04,\N
17403,265813,2,2022-03-04,\N
17404,265779,0,2022-03-04,\N
17408,259258,0,2022-03-04,\N
17412,262677,0,2022-03-04,\N
17415,259026,0,2022-03-04,\N
17416,264856,1,2022-03-04,\N
17417,265879,2,2022-03-04,\N
17418,265686,2,2022-03-04,\N
17420,265902,0,2022-03-04,\N
17421,265918,2,2022-03-04,\N
17423,265928,2,2022-03-05,\N
17425,259408,0,2022-03-05,\N
17428,262750,0,2022-03-05,\N
17436,262792,0,2022-03-05,\N
17437,258832,0,2022-03-05,\N
17440,265966,0,2022-03-05,\N
17442,265970,2,2022-03-05,\N
17443,265878,0,2022-03-05,\N
17444,266001,0,2022-03-06,\N
17445,262596,0,2022-03-06,\N
17446,259534,0,2022-03-06,\N
17452,262821,0,2022-03-06,\N
17457,266045,2,2022-03-06,\N
17459,265489,2,2022-03-06,\N
17462,266099,2,2022-03-06,\N
17464,265789,2,2022-03-06,\N
17467,266123,0,2022-03-06,\N
17470,265967,2,2022-03-07,\N
17471,266136,2,2022-03-07,\N
17472,264732,0,2022-03-07,\N
17475,260861,2,2022-03-07,\N
17477,261753,0,2022-03-07,\N
17478,260964,0,2022-03-07,\N
17481,265653,2,2022-03-07,\N
17482,264563,0,2022-03-07,\N
17483,262992,0,2022-03-07,\N
17484,266308,2,2022-03-07,\N
17485,263693,0,2022-03-07,\N
17486,265449,2,2022-03-08,\N
17487,266332,2,2022-03-08,\N
17488,259702,0,2022-03-08,\N
17498,266386,0,2022-03-08,\N
17499,266402,0,2022-03-08,\N
17500,261668,2,2022-03-08,\N
17501,266325,0,2022-03-08,\N
17502,263104,0,2022-03-08,\N
17503,263112,0,2022-03-08,\N
17504,265588,2,2022-03-08,\N
17505,265628,2,2022-03-08,\N
17511,266492,2,2022-03-09,\N
17512,263076,0,2022-03-09,\N
17521,266529,2,2022-03-09,\N
17525,266410,2,2022-03-09,\N
17526,266455,0,2022-03-09,\N
17527,266366,0,2022-03-09,\N
17529,262221,1,2022-03-10,\N
17531,266548,0,2022-03-10,\N
17540,259860,0,2022-03-10,\N
17545,259965,0,2022-03-10,\N
17547,266549,0,2022-03-10,\N
17548,263845,0,2022-03-10,\N
17551,266489,2,2022-03-10,\N
17552,266249,2,2022-03-10,\N
17553,266693,2,2022-03-10,\N
17554,263210,0,2022-03-10,\N
17555,261883,0,2022-03-10,\N
17556,266544,2,2022-03-10,\N
17557,266462,0,2022-03-10,\N
17558,266603,2,2022-03-10,\N
17559,266615,0,2022-03-10,\N
17560,266485,2,2022-03-11,\N
17561,262908,0,2022-03-11,\N
17571,266788,0,2022-03-11,\N
17572,266766,2,2022-03-11,\N
17573,266810,2,2022-03-11,\N
17574,261828,0,2022-03-11,\N
17575,266875,2,2022-03-11,\N
17576,266614,2,2022-03-11,\N
17578,266894,0,2022-03-11,\N
17579,266901,2,2022-03-12,2022-03-31
17580,266316,2,2022-03-12,\N
17586,260180,0,2022-03-12,\N
17588,263529,2,2022-03-12,\N
17590,266962,0,2022-03-12,\N
17591,266758,2,2022-03-12,\N
17592,266680,0,2022-03-12,\N
17593,266975,0,2022-03-12,\N
17594,267011,2,2022-03-12,\N
17595,264687,2,2022-03-12,\N
17596,267010,2,2022-03-12,\N
17597,263480,0,2022-03-13,\N
17598,263483,0,2022-03-13,\N
17601,259996,0,2022-03-13,\N
17612,266522,2,2022-03-13,2022-03-29
17616,267114,0,2022-03-13,\N
17617,265310,2,2022-03-13,\N
17619,266106,2,2022-03-13,\N
17620,266512,2,2022-03-13,\N
17622,266616,0,2022-03-13,\N
17623,263481,0,2022-03-14,\N
17624,266496,2,2022-03-14,\N
17625,267174,2,2022-03-14,\N
17626,260465,0,2022-03-14,\N
17634,267203,2,2022-03-14,\N
17636,266754,2,2022-03-14,\N
17637,264552,0,2022-03-14,\N
17638,266095,0,2022-03-14,\N
17639,267254,0,2022-03-14,\N
17640,266108,2,2022-03-14,\N
17642,266584,2,2022-03-15,\N
17656,267358,0,2022-03-15,\N
17657,263479,0,2022-03-15,\N
17659,267413,0,2022-03-15,\N
17660,267418,0,2022-03-15,\N
17661,263783,0,2022-03-15,\N
17662,267432,0,2022-03-15,\N
17663,263690,0,2022-03-15,\N
17665,267048,2,2022-03-16,\N
17668,263791,0,2022-03-16,\N
17669,267502,0,2022-03-16,2022-07-29
17677,260646,0,2022-03-16,\N
17687,267549,0,2022-03-16,2022-07-29
17689,267546,0,2022-03-16,\N
17692,267496,2,2022-03-16,\N
17693,267487,0,2022-03-16,\N
17694,267613,2,2022-03-16,\N
17699,267662,0,2022-03-17,\N
17700,267670,2,2022-03-17,2022-04-11
17721,267064,2,2022-03-17,\N
17723,267558,2,2022-03-17,\N
17725,267106,2,2022-03-17,\N
17726,263913,0,2022-03-17,\N
17728,261325,0,2022-03-17,\N
17729,266725,0,2022-03-17,\N
17730,261680,2,2022-03-17,\N
17734,267721,0,2022-03-18,\N
17735,267778,0,2022-03-18,\N
17736,267765,2,2022-03-18,\N
17762,267515,2,2022-03-18,\N
17764,267843,0,2022-03-18,\N
17765,267854,2,2022-03-18,\N
17767,267026,2,2022-03-18,\N
17768,267916,2,2022-03-19,\N
17769,267919,2,2022-03-19,\N
17770,267930,0,2022-03-19,\N
17783,267840,0,2022-03-19,2022-03-23
17784,267443,0,2022-03-19,\N
17786,264254,0,2022-03-19,\N
17787,267812,0,2022-03-19,\N
17788,262270,0,2022-03-19,\N
17789,268046,2,2022-03-20,2022-04-15
17790,268045,0,2022-03-20,\N
17792,261073,0,2022-03-20,\N
17799,268011,2,2022-03-20,\N
17800,267089,2,2022-03-20,2022-03-28
17802,264259,0,2022-03-20,\N
17803,267286,2,2022-03-20,\N
17804,267949,2,2022-03-20,\N
17807,267168,2,2022-03-21,\N
17808,268152,2,2022-03-21,\N
17811,264391,0,2022-03-21,\N
17812,268053,2,2022-03-21,\N
17826,264417,0,2022-03-21,\N
17831,259491,2,2022-03-21,\N
17833,268224,2,2022-03-21,\N
17834,268226,0,2022-03-21,\N
17836,263934,0,2022-03-21,\N
17837,267114,2,2022-03-21,\N
17840,262203,2,2022-03-22,\N
17844,268257,2,2022-03-22,\N
17845,264081,2,2022-03-22,\N
17847,262761,2,2022-03-22,\N
17851,261212,0,2022-03-22,\N
17862,261228,0,2022-03-22,\N
17865,268331,2,2022-03-22,\N
17866,268337,2,2022-03-22,\N
17868,268346,2,2022-03-22,\N
17869,268344,2,2022-03-22,\N
17870,268352,2,2022-03-22,\N
17871,268373,2,2022-03-23,\N
17887,268389,2,2022-03-23,\N
17889,268357,2,2022-03-23,\N
17890,268263,2,2022-03-23,2022-04-26
17892,268408,2,2022-03-23,\N
17893,268410,2,2022-03-23,\N
17894,268412,0,2022-03-23,\N
17895,264472,0,2022-03-23,\N
17896,268293,2,2022-03-23,\N
17898,267643,2,2022-03-23,\N
17901,268348,2,2022-03-24,\N
17902,267498,0,2022-03-24,\N
17903,268374,2,2022-03-24,\N
17920,268461,2,2022-03-24,\N
17921,268465,2,2022-03-24,\N
17923,267391,2,2022-03-24,\N
17924,268113,0,2022-03-24,\N
17925,268473,2,2022-03-24,\N
17926,268477,0,2022-03-24,2022-07-29
17927,268480,2,2022-03-24,\N
17929,268481,0,2022-03-24,2022-07-29
17931,268497,0,2022-03-24,2022-03-25
17932,264761,0,2022-03-24,\N
17935,268510,2,2022-03-24,\N
17937,264888,0,2022-03-25,\N
17938,266012,2,2022-03-25,\N
17940,268527,2,2022-03-25,\N
17941,268420,2,2022-03-25,\N
17942,268511,2,2022-03-25,\N
17953,267898,2,2022-03-25,\N
17954,268553,2,2022-03-25,\N
17955,268558,2,2022-03-25,\N
17956,268104,2,2022-03-25,\N
17959,261990,2,2022-03-25,\N
17960,268572,2,2022-03-25,\N
17961,268129,0,2022-03-25,\N
17962,268574,2,2022-03-25,\N
17964,268584,2,2022-03-25,\N
17965,267195,0,2022-03-25,\N
17967,261724,2,2022-03-25,\N
17969,264291,0,2022-03-26,\N
17972,268600,2,2022-03-26,\N
17979,261491,0,2022-03-26,\N
17982,268321,2,2022-03-26,\N
17986,268147,2,2022-03-26,\N
17987,265101,2,2022-03-26,\N
17988,268409,0,2022-03-26,\N
17989,267813,2,2022-03-26,\N
17991,265130,0,2022-03-26,\N
17994,268641,2,2022-03-26,\N
17997,265196,0,2022-03-27,\N
17999,259504,2,2022-03-27,\N
18000,268545,2,2022-03-27,\N
18002,268714,2,2022-03-27,\N
18003,268715,2,2022-03-27,\N
18005,265250,0,2022-03-27,\N
18006,265110,0,2022-03-27,\N
18007,259533,2,2022-03-27,\N
18008,268742,2,2022-03-28,\N
18009,268736,2,2022-03-28,\N
18010,258930,2,2022-03-28,\N
18031,261466,0,2022-03-28,\N
18037,268779,2,2022-03-28,\N
18038,268764,2,2022-03-28,\N
18039,264856,2,2022-03-28,\N
18042,261582,2,2022-03-28,\N
18043,268647,2,2022-03-28,\N
18044,268796,0,2022-03-28,\N
18050,265182,0,2022-03-28,\N
18052,268827,2,2022-03-28,\N
18053,268830,2,2022-03-28,\N
18056,268768,2,2022-03-29,\N
18058,268866,2,2022-03-29,\N
18060,268718,2,2022-03-29,\N
18061,268876,2,2022-03-29,\N
18062,260356,2,2022-03-29,\N
18063,268643,2,2022-03-29,\N
18064,268877,2,2022-03-29,\N
18065,268485,2,2022-03-29,2022-03-30
18066,268701,2,2022-03-29,2022-03-30
18067,268800,2,2022-03-29,\N
18068,267812,2,2022-03-29,\N
18069,262044,2,2022-03-29,\N
18072,268897,2,2022-03-29,\N
18074,268903,2,2022-03-29,\N
18079,261200,2,2022-03-29,\N
18080,265927,2,2022-03-29,\N
18081,264368,2,2022-03-29,\N
18082,268915,2,2022-03-29,\N
18084,268923,2,2022-03-29,\N
18085,268732,2,2022-03-30,\N
18086,268892,2,2022-03-30,\N
18087,268926,2,2022-03-30,\N
18088,268792,2,2022-03-30,\N
18089,268935,2,2022-03-30,\N
18090,263453,2,2022-03-30,\N
18091,268940,2,2022-03-30,\N
18092,262112,2,2022-03-30,\N
18097,268287,2,2022-03-30,\N
18098,268962,2,2022-03-30,\N
18100,263008,2,2022-03-30,\N
18104,268990,2,2022-03-30,\N
18105,260964,2,2022-03-30,\N
18107,268989,2,2022-03-30,\N
18108,268817,2,2022-03-30,\N
18109,262386,2,2022-03-30,\N
18112,269000,2,2022-03-30,\N
18113,267936,2,2022-03-30,\N
18115,263086,2,2022-03-30,2022-04-26
18116,262580,2,2022-03-30,\N
18117,268922,2,2022-03-30,\N
18118,269012,2,2022-03-30,\N
18120,269010,2,2022-03-30,\N
18121,268978,2,2022-03-30,\N
18122,269016,2,2022-03-30,\N
18125,267959,2,2022-03-30,\N
18126,269020,2,2022-03-30,\N
18127,267089,2,2022-03-30,2022-04-05
18128,269024,2,2022-03-30,\N
18130,269027,2,2022-03-30,\N
18133,269038,2,2022-03-30,\N
18134,269040,2,2022-03-30,\N
18136,269046,2,2022-03-30,\N
18137,269047,0,2022-03-30,\N
18138,268618,2,2022-03-30,\N
18139,263112,2,2022-03-30,2022-03-31
18142,268516,2,2022-03-30,\N
18143,269050,2,2022-03-30,\N
18145,269030,2,2022-03-30,\N
18148,269036,2,2022-03-31,\N
18150,261104,2,2022-03-31,\N
18152,269053,2,2022-03-31,\N
18153,268908,2,2022-03-31,\N
18156,269054,2,2022-03-31,\N
18158,258956,0,2022-03-31,\N
18161,269056,2,2022-03-31,\N
18163,262578,2,2022-03-31,2022-04-04
18165,263252,2,2022-03-31,\N
18166,263579,2,2022-03-31,\N
18167,266477,2,2022-03-31,\N
18168,268985,2,2022-03-31,2022-03-31
18169,269066,2,2022-03-31,\N
18171,269070,2,2022-03-31,\N
18174,268825,2,2022-03-31,\N
18176,268929,2,2022-03-31,\N
18179,269068,2,2022-03-31,\N
18183,264131,2,2022-03-31,\N
18184,268805,2,2022-03-31,\N
18189,262148,2,2022-03-31,\N
18192,269120,2,2022-03-31,\N
18193,265906,0,2022-03-31,\N
18197,269174,2,2022-04-01,\N
18200,269188,0,2022-04-01,\N
18201,269204,2,2022-04-01,\N
18202,265317,0,2022-04-01,\N
18203,262190,0,2022-04-01,\N
18212,265519,0,2022-04-01,\N
18213,268985,2,2022-04-01,\N
18214,269314,2,2022-04-02,\N
18222,259039,0,2022-04-02,\N
18226,265165,2,2022-04-02,\N
18232,262421,0,2022-04-03,\N
18237,268556,0,2022-04-03,\N
18239,269220,0,2022-04-03,\N
18241,269485,2,2022-04-03,\N
18242,269492,2,2022-04-03,\N
18243,268390,0,2022-04-03,\N
18244,266112,0,2022-04-04,\N
18245,265176,0,2022-04-04,\N
18246,269549,2,2022-04-04,\N
18247,268811,2,2022-04-04,\N
18250,259026,0,2022-04-04,\N
18255,259258,0,2022-04-04,\N
18257,262677,0,2022-04-04,\N
18260,269013,2,2022-04-04,\N
18261,269570,0,2022-04-04,\N
18262,269540,2,2022-04-04,\N
18264,269594,2,2022-04-04,\N
18265,269633,0,2022-04-04,\N
18266,265902,0,2022-04-04,\N
18268,269670,2,2022-04-05,\N
18271,262792,0,2022-04-05,\N
18281,269518,2,2022-04-05,\N
18282,267885,0,2022-04-05,\N
18284,269744,0,2022-04-05,\N
18286,265966,0,2022-04-05,\N
18288,264998,2,2022-04-05,2022-04-06
18289,265878,0,2022-04-05,\N
18291,269771,0,2022-04-06,\N
18292,269796,1,2022-04-06,\N
18293,266001,0,2022-04-06,\N
18297,264253,0,2022-04-06,\N
18299,262821,0,2022-04-06,\N
18301,262596,0,2022-04-06,\N
18307,269662,2,2022-04-06,\N
18308,268529,0,2022-04-06,\N
18309,269843,0,2022-04-06,\N
18310,269862,2,2022-04-06,\N
18311,269470,2,2022-04-06,\N
18314,269646,0,2022-04-07,\N
18315,269894,0,2022-04-07,\N
18316,269896,2,2022-04-07,\N
18317,269741,2,2022-04-07,\N
18318,269908,0,2022-04-07,\N
18319,269909,0,2022-04-07,\N
18320,269924,2,2022-04-07,\N
18321,269934,2,2022-04-07,\N
18322,264732,0,2022-04-07,\N
18328,269955,0,2022-04-07,2022-04-11
18329,259884,0,2022-04-07,\N
18330,269978,2,2022-04-07,\N
18331,269981,0,2022-04-07,\N
18332,265005,2,2022-04-07,\N
18333,269653,0,2022-04-07,\N
18334,270003,2,2022-04-07,\N
18335,270000,0,2022-04-07,\N
18336,264563,0,2022-04-07,\N
18337,262992,0,2022-04-07,\N
18338,269535,0,2022-04-07,\N
18339,263693,0,2022-04-07,\N
18340,270014,2,2022-04-08,\N
18341,270022,2,2022-04-08,\N
18346,259702,0,2022-04-08,\N
18356,266386,0,2022-04-08,\N
18357,264502,0,2022-04-08,\N
18358,270098,2,2022-04-08,\N
18359,270099,0,2022-04-08,\N
18360,266402,0,2022-04-08,\N
18362,270107,0,2022-04-08,2022-07-29
18363,269289,2,2022-04-08,\N
18365,266325,0,2022-04-08,\N
18366,269976,0,2022-04-08,\N
18367,266731,2,2022-04-08,\N
18369,263104,0,2022-04-08,\N
18370,270135,2,2022-04-08,\N
18373,270169,0,2022-04-09,2022-07-29
18374,269671,2,2022-04-09,\N
18375,263076,0,2022-04-09,\N
18376,270175,0,2022-04-09,\N
18388,270197,2,2022-04-09,\N
18389,270209,0,2022-04-09,\N
18392,270042,0,2022-04-09,\N
18393,269457,2,2022-04-09,\N
18394,266455,0,2022-04-09,\N
18395,266366,0,2022-04-09,\N
18396,270263,2,2022-04-10,\N
18398,270265,2,2022-04-10,\N
18400,270179,0,2022-04-10,\N
18401,266548,0,2022-04-10,\N
18405,259860,0,2022-04-10,\N
18406,259965,0,2022-04-10,\N
18408,270240,1,2022-04-10,\N
18409,270304,0,2022-04-10,2022-04-11
18410,263845,0,2022-04-10,\N
18412,270324,2,2022-04-10,\N
18415,263210,0,2022-04-10,\N
18416,269519,2,2022-04-10,\N
18417,261883,0,2022-04-10,\N
18418,270075,2,2022-04-10,\N
18419,269501,2,2022-04-10,\N
18420,266462,0,2022-04-10,\N
18421,266615,0,2022-04-10,\N
18422,270247,0,2022-04-10,\N
18431,266788,0,2022-04-11,\N
18433,264843,2,2022-04-11,2022-04-18
18434,261828,0,2022-04-11,\N
18435,270363,0,2022-04-11,\N
18436,270455,2,2022-04-11,\N
18437,270036,0,2022-04-11,\N
18438,270103,0,2022-04-11,\N
18439,269754,2,2022-04-11,\N
18440,266894,0,2022-04-12,\N
18441,270517,0,2022-04-12,\N
18442,270518,2,2022-04-12,\N
18443,270018,0,2022-04-12,\N
18447,260180,0,2022-04-12,\N
18449,260164,1,2022-04-12,\N
18455,270596,2,2022-04-12,\N
18457,265003,0,2022-04-12,\N
18458,270602,0,2022-04-12,2022-04-13
18459,270486,0,2022-04-12,\N
18460,262260,0,2022-04-13,\N
18461,270616,0,2022-04-13,\N
18463,270529,2,2022-04-13,\N
18464,270648,0,2022-04-13,\N
18472,259996,0,2022-04-13,\N
18481,260173,1,2022-04-13,\N
18483,270670,0,2022-04-13,2022-04-18
18485,270619,0,2022-04-13,\N
18486,270702,0,2022-04-13,2022-07-29
18488,270710,0,2022-04-13,\N
18489,269864,2,2022-04-13,\N
18490,270700,0,2022-04-13,\N
18493,270738,2,2022-04-13,\N
18494,266616,0,2022-04-13,\N
18496,269898,2,2022-04-14,\N
18497,263481,0,2022-04-14,\N
18498,270749,0,2022-04-14,2022-07-29
18499,263483,0,2022-04-14,\N
18500,270757,2,2022-04-14,2022-04-14
18501,270062,2,2022-04-14,\N
18503,260465,0,2022-04-14,\N
18516,270784,2,2022-04-14,\N
18519,265848,0,2022-04-14,\N
18520,267254,0,2022-04-14,\N
18521,270811,0,2022-04-14,\N
18522,269975,2,2022-04-14,\N
18540,267358,0,2022-04-15,\N
18541,270898,2,2022-04-15,\N
18542,267413,0,2022-04-15,\N
18543,270904,0,2022-04-15,2022-07-29
18544,270906,0,2022-04-15,\N
18545,270910,0,2022-04-15,2022-07-29
18546,270367,2,2022-04-15,\N
18548,263690,0,2022-04-15,\N
18549,270931,2,2022-04-15,\N
18554,263791,0,2022-04-16,\N
18555,269130,0,2022-04-16,\N
18556,270947,2,2022-04-16,2022-04-18
18559,270957,0,2022-04-16,\N
18563,260646,0,2022-04-16,\N
18588,270244,2,2022-04-16,\N
18589,267546,0,2022-04-16,\N
18591,271015,2,2022-04-16,\N
18593,271029,2,2022-04-17,\N
18595,270474,2,2022-04-17,\N
18596,271035,2,2022-04-17,\N
18610,271006,0,2022-04-17,\N
18612,271075,0,2022-04-17,\N
18614,271077,0,2022-04-17,\N
18616,271087,0,2022-04-17,\N
18617,271089,0,2022-04-17,\N
18618,263913,0,2022-04-17,\N
18619,270911,2,2022-04-17,\N
18621,268242,0,2022-04-17,\N
18622,266725,0,2022-04-17,\N
18625,270848,0,2022-04-18,\N
18627,267721,0,2022-04-18,\N
18648,267843,0,2022-04-18,\N
18649,270824,0,2022-04-18,\N
18651,271220,2,2022-04-18,\N
18653,271228,0,2022-04-19,\N
18656,267930,0,2022-04-19,\N
18657,270393,0,2022-04-19,\N
18659,267443,0,2022-04-19,2022-04-20
18660,271296,0,2022-04-19,\N
18675,262270,1,2022-04-19,\N
18676,271310,2,2022-04-19,\N
18677,264254,0,2022-04-19,\N
18678,270606,2,2022-04-19,\N
18680,271326,0,2022-04-20,\N
18681,269984,0,2022-04-20,\N
18694,268863,1,2022-04-20,\N
18696,271348,2,2022-04-20,\N
18699,271388,2,2022-04-20,\N
18700,271392,0,2022-04-20,\N
18701,271394,0,2022-04-20,2022-07-29
18702,270599,0,2022-04-20,\N
18703,271154,2,2022-04-20,\N
18704,270968,2,2022-04-20,\N
18705,264259,0,2022-04-20,\N
18706,271338,0,2022-04-20,\N
18713,271426,0,2022-04-21,\N
18714,271431,0,2022-04-21,2022-07-29
18715,268045,0,2022-04-21,\N
18733,264417,0,2022-04-21,\N
18737,263934,0,2022-04-21,\N
18740,270188,0,2022-04-21,\N
18743,264295,0,2022-04-21,\N
18747,271543,2,2022-04-22,\N
18749,271557,0,2022-04-22,\N
18754,261212,0,2022-04-22,\N
18775,270744,0,2022-04-22,\N
18776,270930,2,2022-04-22,\N
18777,271670,2,2022-04-23,\N
18778,264514,0,2022-04-23,\N
18798,268412,0,2022-04-23,\N
18799,271094,0,2022-04-23,\N
18800,271720,2,2022-04-23,\N
18802,267498,0,2022-04-24,\N
18803,271755,2,2022-04-24,\N
18804,271300,0,2022-04-24,\N
18827,271760,2,2022-04-24,\N
18830,268481,0,2022-04-24,2022-07-29
18834,264888,0,2022-04-25,\N
18835,271851,2,2022-04-25,\N
18838,271197,2,2022-04-25,\N
18839,271768,2,2022-04-25,\N
18840,271787,2,2022-04-25,\N
18850,271664,0,2022-04-25,\N
18851,268129,0,2022-04-25,\N
18852,267195,0,2022-04-25,\N
18853,264291,0,2022-04-26,\N
18857,271761,2,2022-04-26,\N
18859,271083,0,2022-04-26,\N
18865,261491,0,2022-04-26,\N
18870,266811,0,2022-04-26,\N
18871,272001,0,2022-04-26,\N
18872,272017,0,2022-04-26,\N
18873,271991,2,2022-04-26,\N
18874,265130,0,2022-04-26,\N
18875,272027,0,2022-04-26,\N
18876,272029,2,2022-04-26,\N
18877,271951,2,2022-04-26,\N
18878,272035,2,2022-04-26,\N
18879,271950,0,2022-04-26,\N
18880,271371,2,2022-04-26,\N
18881,262487,2,2022-04-26,\N
18882,271896,2,2022-04-26,\N
18884,272063,2,2022-04-26,\N
18888,272077,0,2022-04-27,2022-05-03
18889,272083,0,2022-04-27,\N
18893,265196,0,2022-04-27,\N
18903,272127,2,2022-04-27,2022-05-03
18906,265110,0,2022-04-27,\N
18907,271488,2,2022-04-27,\N
18908,271519,2,2022-04-27,\N
18909,271243,2,2022-04-28,\N
18910,272191,0,2022-04-28,\N
18911,272198,0,2022-04-28,\N
18912,272199,0,2022-04-28,\N
18915,261466,0,2022-04-28,\N
18951,271792,2,2022-04-28,2022-05-23
18952,270833,2,2022-04-28,\N
18957,272255,0,2022-04-28,\N
18958,268796,0,2022-04-28,\N
18959,271617,2,2022-04-28,\N
18961,271872,2,2022-04-28,\N
18962,265182,0,2022-04-28,2022-05-09
18963,271903,2,2022-04-28,\N
18965,264502,0,2022-04-28,\N
18974,271465,0,2022-04-29,\N
18975,270671,2,2022-04-29,\N
18977,272365,0,2022-04-29,2022-05-16
18979,269872,0,2022-04-29,\N
18980,265250,0,2022-04-29,\N
18983,258956,0,2022-04-30,\N
18985,272425,2,2022-04-30,\N
18988,270509,0,2022-04-30,\N
18991,265906,0,2022-04-30,\N
18993,272463,2,2022-04-30,\N
18994,272472,0,2022-04-30,\N
18998,272490,0,2022-05-01,2022-05-09
18999,269188,0,2022-05-01,\N
19001,272157,0,2022-05-01,\N
19014,272437,0,2022-05-01,\N
19015,271800,2,2022-05-01,\N
19016,265519,0,2022-05-01,\N
19017,272543,0,2022-05-01,\N
19021,261608,1,2022-05-02,\N
19026,259039,0,2022-05-02,\N
19031,272659,2,2022-05-03,\N
19032,272510,2,2022-05-03,\N
19034,262421,0,2022-05-03,\N
19038,269220,0,2022-05-03,\N
19039,272696,0,2022-05-03,\N
19040,270725,0,2022-05-03,\N
19041,266395,0,2022-05-03,\N
19043,272261,0,2022-05-03,\N
19044,272717,0,2022-05-03,\N
19045,272359,2,2022-05-03,\N
19046,272128,2,2022-05-03,\N
19047,265176,0,2022-05-04,\N
19048,272759,0,2022-05-04,2022-05-16
19053,259026,0,2022-05-04,\N
19055,262677,0,2022-05-04,\N
19061,259258,0,2022-05-04,\N
19063,263307,2,2022-05-04,\N
19065,269570,0,2022-05-04,\N
19068,272452,2,2022-05-04,\N
19069,272616,0,2022-05-04,\N
19070,272838,2,2022-05-04,\N
19076,272596,0,2022-05-05,\N
19088,272282,2,2022-05-05,\N
19089,270009,0,2022-05-05,\N
19090,272283,2,2022-05-05,\N
19091,272902,0,2022-05-05,\N
19092,272903,0,2022-05-05,\N
19096,272912,0,2022-05-05,2022-07-29
19097,267885,0,2022-05-05,\N
19098,265966,0,2022-05-05,\N
19099,269744,0,2022-05-05,\N
19101,272924,0,2022-05-05,2022-07-29
19103,265878,0,2022-05-05,\N
19106,272909,2,2022-05-05,\N
19107,269771,0,2022-05-06,\N
19108,272961,2,2022-05-06,2022-05-25
19109,266001,0,2022-05-06,\N
19111,272983,2,2022-05-06,\N
19112,262643,1,2022-05-06,2022-05-23
19122,262821,0,2022-05-06,\N
19123,262596,0,2022-05-06,\N
19125,272991,2,2022-05-06,\N
19127,265578,2,2022-05-06,\N
19131,273017,0,2022-05-06,\N
19132,263309,2,2022-05-06,2022-05-26
19134,272965,0,2022-05-06,\N
19136,269894,0,2022-05-07,\N
19137,269646,0,2022-05-07,\N
19138,273034,0,2022-05-07,\N
19139,272979,0,2022-05-07,\N
19140,269908,0,2022-05-07,\N
19141,269909,0,2022-05-07,2022-05-16
19142,264732,0,2022-05-07,\N
19147,259884,0,2022-05-07,\N
19148,269981,0,2022-05-07,\N
19150,273112,0,2022-05-07,2022-07-29
19151,273117,0,2022-05-07,\N
19152,269653,0,2022-05-07,\N
19153,273126,2,2022-05-07,\N
19154,270000,0,2022-05-07,\N
19155,271806,0,2022-05-07,\N
19156,263693,0,2022-05-07,\N
19157,273131,2,2022-05-08,\N
19158,272865,0,2022-05-08,\N
19160,273164,0,2022-05-08,\N
19165,259702,0,2022-05-08,\N
19170,273196,0,2022-05-08,2022-05-12
19171,266402,0,2022-05-08,\N
19174,273214,2,2022-05-08,\N
19175,266325,0,2022-05-08,\N
19176,272842,0,2022-05-08,\N
19177,269976,0,2022-05-08,\N
19178,263104,0,2022-05-08,\N
19180,273235,2,2022-05-08,\N
19182,269843,0,2022-05-09,\N
19183,263076,0,2022-05-09,\N
19184,270175,0,2022-05-09,\N
19196,272906,2,2022-05-09,\N
19198,270042,0,2022-05-09,\N
19199,266455,0,2022-05-09,\N
19200,266366,0,2022-05-09,\N
19201,272755,2,2022-05-10,\N
19206,259965,0,2022-05-10,\N
19207,261189,0,2022-05-10,\N
19209,259860,0,2022-05-10,\N
19215,273371,0,2022-05-10,\N
19217,263210,0,2022-05-10,\N
19218,269633,0,2022-05-10,\N
19219,261883,0,2022-05-10,\N
19220,266462,0,2022-05-10,\N
19221,273499,2,2022-05-11,\N
19223,272977,1,2022-05-11,\N
19232,266788,0,2022-05-11,\N
19233,272059,2,2022-05-11,2022-05-27
19234,273423,0,2022-05-11,\N
19235,261828,0,2022-05-11,\N
19237,260833,0,2022-05-11,\N
19238,270036,0,2022-05-11,\N
19239,270103,0,2022-05-11,\N
19240,266894,0,2022-05-12,\N
19242,273628,2,2022-05-12,\N
19243,273060,2,2022-05-12,\N
19244,270018,0,2022-05-12,\N
19245,270517,0,2022-05-12,\N
19246,273654,0,2022-05-12,\N
19248,260180,0,2022-05-12,\N
19249,265317,0,2022-05-12,\N
19253,273684,2,2022-05-12,2022-05-16
19254,273695,0,2022-05-12,\N
19255,273671,0,2022-05-12,\N
19256,272923,2,2022-05-12,\N
19257,270363,0,2022-05-12,\N
19258,273630,2,2022-05-12,\N
19259,270460,0,2022-05-12,\N
19262,269064,2,2022-05-12,\N
19263,270616,0,2022-05-13,\N
19264,262260,0,2022-05-13,\N
19266,263483,0,2022-05-13,\N
19268,273763,2,2022-05-13,\N
19269,270648,0,2022-05-13,\N
19273,259996,0,2022-05-13,\N
19278,273839,2,2022-05-13,\N
19279,272918,0,2022-05-13,\N
19280,270710,0,2022-05-13,\N
19282,270700,0,2022-05-13,2022-05-16
19284,269535,0,2022-05-13,\N
19285,266616,0,2022-05-13,\N
19286,263481,0,2022-05-14,\N
19287,273068,2,2022-05-14,\N
19288,270749,0,2022-05-14,2022-07-29
19300,260465,0,2022-05-14,\N
19301,273936,2,2022-05-14,2022-05-23
19302,270811,0,2022-05-14,\N
19303,273978,2,2022-05-15,\N
19304,273953,0,2022-05-15,\N
19312,274000,2,2022-05-15,\N
19314,273249,2,2022-05-15,\N
19316,274039,2,2022-05-15,\N
19317,270906,0,2022-05-15,\N
19318,274057,2,2022-05-15,\N
19319,263690,0,2022-05-15,\N
19321,270619,0,2022-05-16,\N
19324,269130,0,2022-05-16,\N
19325,273523,2,2022-05-16,\N
19331,260646,0,2022-05-16,\N
19334,272175,0,2022-05-16,\N
19336,274137,2,2022-05-16,\N
19337,267546,0,2022-05-16,\N
19339,265848,0,2022-05-16,\N
19342,274163,2,2022-05-16,\N
19343,274162,2,2022-05-16,\N
19344,274166,0,2022-05-16,\N
19346,273846,2,2022-05-16,\N
19347,273464,2,2022-05-16,2022-05-23
19350,265241,0,2022-05-17,\N
19361,274157,0,2022-05-17,\N
19362,271089,0,2022-05-17,\N
19363,263913,0,2022-05-17,\N
19364,273841,2,2022-05-17,\N
19366,266725,0,2022-05-17,\N
19367,268242,0,2022-05-17,\N
19368,274269,2,2022-05-17,\N
19369,274273,2,2022-05-17,\N
19372,273486,0,2022-05-18,\N
19373,270848,0,2022-05-18,\N
19375,267721,0,2022-05-18,\N
19376,274209,2,2022-05-18,\N
19382,267843,0,2022-05-18,\N
19387,263888,1,2022-05-18,\N
19388,274377,2,2022-05-18,\N
19389,270824,0,2022-05-18,\N
19390,274382,2,2022-05-18,\N
19391,274276,0,2022-05-18,\N
19392,273544,2,2022-05-19,2022-05-23
19393,267930,0,2022-05-19,\N
19394,274371,0,2022-05-19,\N
19398,274438,2,2022-05-19,\N
19400,264254,0,2022-05-19,\N
19401,271326,0,2022-05-20,\N
19402,274402,0,2022-05-20,\N
19403,262714,1,2022-05-20,\N
19404,268045,0,2022-05-20,\N
19405,269984,0,2022-05-20,\N
19406,274536,2,2022-05-20,\N
19414,274544,2,2022-05-20,2022-05-23
19415,270902,0,2022-05-20,\N
19416,274433,0,2022-05-20,\N
19419,274521,2,2022-05-20,\N
19420,274576,2,2022-05-20,\N
19421,268883,2,2022-05-20,\N
19422,269541,2,2022-05-20,\N
19424,273329,2,2022-05-20,\N
19425,274585,2,2022-05-20,\N
19426,271508,2,2022-05-20,\N
19427,272472,2,2022-05-20,\N
19428,274597,2,2022-05-20,\N
19429,274589,0,2022-05-20,\N
19430,271338,0,2022-05-20,\N
19431,274070,2,2022-05-20,\N
19433,264295,1,2022-05-20,\N
19446,273994,2,2022-05-21,\N
19447,274631,2,2022-05-21,\N
19448,264417,0,2022-05-21,\N
19451,274572,2,2022-05-21,\N
19452,274639,2,2022-05-21,\N
19454,271326,2,2022-05-21,\N
19455,272504,2,2022-05-21,\N
19457,274652,2,2022-05-21,\N
19458,268857,0,2022-05-21,\N
19459,263934,0,2022-05-21,\N
19461,274498,2,2022-05-21,\N
19462,261788,0,2022-05-21,\N
19463,274684,2,2022-05-22,\N
19465,271557,0,2022-05-22,\N
19470,261212,0,2022-05-22,\N
19474,267824,2,2022-05-22,\N
19479,270599,0,2022-05-22,\N
19480,270744,0,2022-05-22,\N
19482,270188,0,2022-05-22,\N
19483,274501,0,2022-05-22,\N
19484,274766,2,2022-05-23,\N
19485,274779,2,2022-05-23,\N
19486,274780,2,2022-05-23,\N
19488,274798,2,2022-05-23,2022-12-08
19489,274564,2,2022-05-23,\N
19495,274630,2,2022-05-23,\N
19496,274814,2,2022-05-23,\N
19497,274825,2,2022-05-23,\N
19498,271605,2,2022-05-23,\N
19499,274838,2,2022-05-23,\N
19500,274847,2,2022-05-23,\N
19503,274189,2,2022-05-24,2022-06-17
19504,267498,0,2022-05-24,\N
19512,274908,2,2022-05-24,\N
19513,274781,0,2022-05-24,2022-05-25
19514,274940,2,2022-05-24,\N
19515,274951,2,2022-05-24,\N
19520,274879,2,2022-05-25,\N
19521,260929,2,2022-05-25,\N
19523,274985,2,2022-05-25,\N
19526,274904,0,2022-05-25,\N
19535,274996,2,2022-05-25,\N
19537,271185,2,2022-05-25,\N
19538,275020,2,2022-05-25,2022-06-15
19539,274958,2,2022-05-25,\N
19541,268129,0,2022-05-25,\N
19542,272058,2,2022-05-25,\N
19543,275049,2,2022-05-25,\N
19544,275021,2,2022-05-25,\N
19545,275050,2,2022-05-25,\N
19546,267195,0,2022-05-25,\N
19547,274130,2,2022-05-25,\N
19548,275056,2,2022-05-25,\N
19549,264291,0,2022-05-26,\N
19552,274880,2,2022-05-26,\N
19553,275069,2,2022-05-26,\N
19556,275081,2,2022-05-26,\N
19559,261491,0,2022-05-26,\N
19565,266811,0,2022-05-26,\N
19566,275098,0,2022-05-26,2022-06-03
19567,269959,2,2022-05-26,\N
19568,270188,2,2022-05-26,\N
19569,275113,2,2022-05-26,\N
19570,265130,0,2022-05-26,\N
19571,275112,2,2022-05-26,\N
19572,272027,0,2022-05-26,\N
19573,271664,0,2022-05-26,\N
19574,275126,2,2022-05-26,\N
19575,271950,0,2022-05-26,\N
19576,275129,2,2022-05-26,\N
19577,262821,2,2022-05-26,\N
19578,274836,0,2022-05-26,\N
19581,264502,0,2022-05-26,\N
19583,275154,2,2022-05-27,\N
19586,266395,2,2022-05-27,\N
19587,274999,2,2022-05-27,\N
19596,275103,2,2022-05-27,\N
19602,262270,2,2022-05-27,\N
19608,265250,0,2022-05-27,\N
19609,265110,0,2022-05-27,\N
19612,275246,2,2022-05-28,\N
19613,272199,0,2022-05-28,\N
19614,271140,2,2022-05-28,\N
19615,274681,2,2022-05-28,\N
19622,261466,0,2022-05-28,\N
19638,261693,2,2022-05-28,\N
19643,270393,0,2022-05-28,\N
19644,275273,2,2022-05-28,\N
19645,275275,2,2022-05-28,\N
19646,275277,2,2022-05-28,\N
19647,275092,2,2022-05-28,\N
19648,275276,2,2022-05-28,\N
19649,272255,0,2022-05-28,\N
19650,263309,2,2022-05-28,\N
19651,275292,2,2022-05-28,\N
19652,275295,2,2022-05-28,\N
19653,275282,0,2022-05-28,\N
19654,274929,2,2022-05-29,2022-07-01
19655,275293,2,2022-05-29,\N
19663,275033,2,2022-05-29,\N
19665,274645,2,2022-05-29,\N
19666,275334,2,2022-05-29,\N
19667,259860,2,2022-05-29,\N
19668,275008,2,2022-05-29,\N
19669,273599,2,2022-05-29,2022-05-30
19670,275343,2,2022-05-29,\N
19671,275346,2,2022-05-29,\N
19672,275141,2,2022-05-29,2022-06-03
19673,275347,2,2022-05-29,\N
19676,275290,2,2022-05-29,\N
19678,270928,2,2022-05-29,\N
19679,267488,2,2022-05-29,\N
19681,275286,2,2022-05-29,\N
19682,275371,2,2022-05-29,\N
19683,275373,2,2022-05-29,\N
19685,275375,2,2022-05-29,\N
19686,263456,2,2022-05-29,\N
19690,267235,2,2022-05-30,\N
19691,273936,2,2022-05-30,\N
19692,275389,0,2022-05-30,\N
19693,271125,2,2022-05-30,\N
19694,274861,2,2022-05-30,\N
19696,275402,2,2022-05-30,\N
19711,270509,0,2022-05-30,\N
19712,275412,2,2022-05-30,\N
19714,274087,2,2022-05-30,\N
19715,270183,2,2022-05-30,\N
19717,259884,2,2022-05-30,\N
19718,271352,2,2022-05-30,2022-06-28
19719,275438,2,2022-05-30,\N
19720,275442,2,2022-05-30,\N
19721,275444,2,2022-05-30,\N
19722,274882,2,2022-05-30,\N
19724,273992,2,2022-05-30,\N
19725,275449,2,2022-05-30,\N
19726,265906,0,2022-05-30,\N
19727,274906,2,2022-05-30,\N
19729,274278,2,2022-05-30,\N
19730,274901,2,2022-05-30,\N
19731,275468,2,2022-05-30,\N
19733,275479,2,2022-05-30,\N
19735,275486,2,2022-05-31,\N
19737,271856,2,2022-05-31,\N
19738,258956,0,2022-05-31,\N
19739,275490,2,2022-05-31,\N
19740,275163,2,2022-05-31,\N
19741,274663,2,2022-05-31,\N
19743,275498,2,2022-05-31,\N
19744,275503,2,2022-05-31,\N
19745,274050,2,2022-05-31,\N
19746,275408,2,2022-05-31,\N
19762,275510,2,2022-05-31,\N
19763,275513,2,2022-05-31,\N
19765,269937,2,2022-05-31,\N
19767,275529,2,2022-05-31,\N
19770,275470,2,2022-05-31,\N
19771,275532,2,2022-05-31,\N
19772,275533,2,2022-05-31,\N
19773,271082,2,2022-05-31,\N
19775,275100,2,2022-05-31,\N
19777,275548,2,2022-05-31,\N
19778,272586,2,2022-05-31,\N
19779,275422,2,2022-05-31,\N
19781,275554,2,2022-05-31,\N
19782,275552,2,2022-05-31,\N
19783,272965,2,2022-05-31,\N
19784,275132,2,2022-05-31,\N
19786,270009,2,2022-05-31,\N
19788,275158,0,2022-05-31,\N
19789,275566,2,2022-05-31,\N
19790,275565,2,2022-05-31,2022-06-01
19792,275413,2,2022-05-31,\N
19795,271098,2,2022-05-31,\N
19797,274611,2,2022-05-31,\N
19798,275039,0,2022-05-31,\N
19799,275573,2,2022-05-31,2022-06-24
19800,275574,2,2022-05-31,\N
19801,275362,2,2022-05-31,\N
19802,275038,0,2022-05-31,2022-06-27
19803,274475,2,2022-05-31,\N
19804,268178,2,2022-05-31,\N
19805,275582,2,2022-05-31,\N
19807,275148,2,2022-05-31,\N
19808,272261,2,2022-05-31,\N
19809,275583,2,2022-05-31,\N
19811,275572,2,2022-05-31,\N
19812,271114,2,2022-05-31,\N
19813,275590,2,2022-05-31,\N
19814,275591,2,2022-05-31,\N
19816,275592,2,2022-06-01,\N
19817,275571,2,2022-06-01,\N
19818,275440,2,2022-06-01,\N
19819,275593,2,2022-06-01,\N
19821,275598,2,2022-06-01,\N
19825,275589,2,2022-06-01,\N
19826,271925,2,2022-06-01,\N
19827,261004,2,2022-06-01,\N
19828,275612,2,2022-06-01,\N
19829,275629,2,2022-06-01,\N
19830,275624,2,2022-06-01,\N
19831,275637,2,2022-06-01,\N
19833,275644,2,2022-06-01,\N
19834,275457,2,2022-06-01,\N
19835,275165,2,2022-06-01,\N
19836,274746,2,2022-06-01,\N
19837,275659,2,2022-06-01,\N
19838,275518,2,2022-06-01,\N
19839,275660,2,2022-06-01,\N
19840,272570,2,2022-06-01,\N
19841,275495,2,2022-06-01,\N
19842,275664,2,2022-06-01,\N
19843,275534,2,2022-06-01,\N
19845,275516,2,2022-06-01,\N
19847,275677,2,2022-06-01,\N
19848,275253,2,2022-06-01,\N
19849,275682,2,2022-06-01,\N
19850,267090,2,2022-06-01,\N
19851,275684,2,2022-06-01,\N
19852,275689,2,2022-06-01,\N
19853,267878,2,2022-06-01,\N
19855,273671,2,2022-06-01,\N
19857,264954,2,2022-06-01,2022-07-01
19858,275694,2,2022-06-01,\N
19859,274994,2,2022-06-01,\N
19862,271054,2,2022-06-01,2022-06-06
19878,272157,0,2022-06-01,\N
19880,275741,2,2022-06-01,\N
19882,275757,2,2022-06-01,\N
19883,275575,2,2022-06-01,2022-06-06
19884,265519,0,2022-06-01,\N
19901,276112,2,2022-06-02,\N
19902,275788,0,2022-06-02,\N
19903,276130,2,2022-06-02,2022-06-06
19904,275992,2,2022-06-02,\N
19905,275567,0,2022-06-02,\N
19906,275215,0,2022-06-02,2022-06-06
19907,276238,0,2022-06-03,2022-06-28
19910,276261,2,2022-06-03,2022-06-28
19912,262421,0,2022-06-03,\N
19928,272696,0,2022-06-03,\N
19930,270725,0,2022-06-03,\N
19931,276395,0,2022-06-03,\N
19932,276414,0,2022-06-03,\N
19933,276420,2,2022-06-03,\N
19934,276232,2,2022-06-03,\N
19935,272717,0,2022-06-03,\N
19936,275799,2,2022-06-03,\N
19937,265176,0,2022-06-04,\N
19938,276479,2,2022-06-04,\N
19939,276480,2,2022-06-04,\N
19945,262677,0,2022-06-04,\N
19952,259258,0,2022-06-04,\N
19955,269570,0,2022-06-04,\N
19957,276510,2,2022-06-04,\N
19958,276439,0,2022-06-04,\N
19959,276490,0,2022-06-04,\N
19960,276553,2,2022-06-04,\N
19961,276455,0,2022-06-04,2022-07-04
19962,270633,0,2022-06-04,\N
19963,276562,0,2022-06-04,\N
19964,276383,2,2022-06-05,\N
19971,272912,0,2022-06-05,2022-07-29
19972,269744,0,2022-06-05,\N
19973,265966,0,2022-06-05,\N
19975,276666,2,2022-06-05,\N
19976,276671,2,2022-06-05,\N
19978,265878,0,2022-06-05,\N
19979,269771,0,2022-06-06,\N
19980,266001,0,2022-06-06,\N
19982,276708,2,2022-06-06,2022-06-13
19986,262596,0,2022-06-06,\N
19988,276135,2,2022-06-06,\N
19989,276783,0,2022-06-06,\N
19990,276784,0,2022-06-06,\N
19991,273017,0,2022-06-06,\N
19993,276829,2,2022-06-06,\N
19995,276265,0,2022-06-06,\N
19997,269646,0,2022-06-07,\N
19998,269894,0,2022-06-07,\N
19999,273034,0,2022-06-07,\N
20002,272979,0,2022-06-07,\N
20003,269908,0,2022-06-07,\N
20005,276857,2,2022-06-07,\N
20009,269981,0,2022-06-07,\N
20013,276932,0,2022-06-07,\N
20014,269653,0,2022-06-07,\N
20015,274460,0,2022-06-07,\N
20016,276130,2,2022-06-07,\N
20017,270000,0,2022-06-07,\N
20018,263693,0,2022-06-07,\N
20019,275463,0,2022-06-08,\N
20020,272865,0,2022-06-08,\N
20021,259702,0,2022-06-08,\N
20029,276998,2,2022-06-08,\N
20030,266402,0,2022-06-08,\N
20031,276990,2,2022-06-08,2022-06-20
20032,277078,2,2022-06-08,\N
20033,266325,0,2022-06-08,\N
20034,277095,2,2022-06-08,\N
20035,277099,2,2022-06-08,\N
20036,269976,0,2022-06-08,\N
20037,272842,0,2022-06-08,\N
20040,274948,2,2022-06-08,2022-07-06
20043,277135,2,2022-06-09,2022-07-04
20044,276104,2,2022-06-09,\N
20045,263076,0,2022-06-09,\N
20046,270175,0,2022-06-09,\N
20047,277063,0,2022-06-09,\N
20048,272596,0,2022-06-09,\N
20059,277182,2,2022-06-09,\N
20060,277105,2,2022-06-09,\N
20062,270042,0,2022-06-09,\N
20066,266455,0,2022-06-09,\N
20070,277271,2,2022-06-10,\N
20074,259965,0,2022-06-10,\N
20081,277066,2,2022-06-10,\N
20082,276938,0,2022-06-10,\N
20083,277328,2,2022-06-10,\N
20084,261883,0,2022-06-10,\N
20086,266462,0,2022-06-10,\N
20088,276598,2,2022-06-11,\N
20094,266788,0,2022-06-11,\N
20095,273423,0,2022-06-11,\N
20097,277410,0,2022-06-11,\N
20098,260833,0,2022-06-11,\N
20099,270103,0,2022-06-11,\N
20100,266894,0,2022-06-12,\N
20101,276781,2,2022-06-12,\N
20102,270517,0,2022-06-12,\N
20109,277398,2,2022-06-12,\N
20110,277499,2,2022-06-12,\N
20111,276887,2,2022-06-12,\N
20112,273695,0,2022-06-12,\N
20113,277521,0,2022-06-12,\N
20114,270460,0,2022-06-12,\N
20115,263104,0,2022-06-12,\N
20116,277556,2,2022-06-12,\N
20117,277562,0,2022-06-12,\N
20118,277544,2,2022-06-12,\N
20119,262260,0,2022-06-13,\N
20120,270616,0,2022-06-13,\N
20121,263483,0,2022-06-13,\N
20123,270648,0,2022-06-13,\N
20126,259996,0,2022-06-13,\N
20135,277285,2,2022-06-13,\N
20136,270619,0,2022-06-13,\N
20138,277670,2,2022-06-13,\N
20139,277557,0,2022-06-13,\N
20140,277084,2,2022-06-13,\N
20141,273862,0,2022-06-13,\N
20143,276542,0,2022-06-13,\N
20144,266616,0,2022-06-13,\N
20145,277704,2,2022-06-14,\N
20146,270749,0,2022-06-14,2022-07-11
20152,260465,0,2022-06-14,\N
20153,272887,2,2022-06-14,\N
20155,277766,2,2022-06-14,\N
20157,265848,0,2022-06-14,\N
20158,277791,2,2022-06-14,2022-07-12
20159,270811,0,2022-06-14,\N
20161,277508,2,2022-06-14,\N
20162,277803,0,2022-06-14,\N
20164,277591,2,2022-06-14,\N
20166,277715,0,2022-06-15,\N
20167,270247,0,2022-06-15,\N
20168,273953,0,2022-06-15,\N
20178,277880,0,2022-06-15,\N
20180,263690,0,2022-06-15,\N
20181,277945,0,2022-06-15,2022-06-20
20182,277953,0,2022-06-15,\N
20184,275570,0,2022-06-16,\N
20187,277964,2,2022-06-16,\N
20188,269130,0,2022-06-16,\N
20190,277866,0,2022-06-16,\N
20201,277419,2,2022-06-16,\N
20202,272175,0,2022-06-16,\N
20203,274552,2,2022-06-16,\N
20205,267546,0,2022-06-16,\N
20207,277728,2,2022-06-16,\N
20208,277609,2,2022-06-16,\N
20210,274166,0,2022-06-16,\N
20212,277814,0,2022-06-16,\N
20224,270363,0,2022-06-17,\N
20226,274157,0,2022-06-17,\N
20228,271089,0,2022-06-17,\N
20229,277845,2,2022-06-17,\N
20230,278177,2,2022-06-17,\N
20231,263913,0,2022-06-17,\N
20232,277524,2,2022-06-17,\N
20235,268242,0,2022-06-17,\N
20236,277821,0,2022-06-17,\N
20237,277461,2,2022-06-17,\N
20239,275173,0,2022-06-18,\N
20240,278080,2,2022-06-18,\N
20241,269874,1,2022-06-18,2022-07-11
20242,270848,0,2022-06-18,\N
20243,278143,0,2022-06-18,\N
20244,277864,0,2022-06-18,\N
20245,267721,0,2022-06-18,\N
20246,260646,0,2022-06-18,\N
20247,272792,0,2022-06-18,\N
20252,271837,1,2022-06-18,\N
20253,267843,0,2022-06-18,\N
20256,270824,0,2022-06-18,\N
20257,270988,0,2022-06-18,\N
20258,278344,2,2022-06-18,\N
20259,274276,0,2022-06-18,\N
20261,267930,0,2022-06-19,\N
20266,278283,2,2022-06-19,\N
20267,264254,0,2022-06-19,\N
20268,269534,2,2022-06-19,2022-06-29
20270,274402,0,2022-06-20,\N
20271,269984,0,2022-06-20,\N
20273,278280,2,2022-06-20,\N
20276,272544,0,2022-06-20,\N
20277,278326,0,2022-06-20,\N
20279,277668,2,2022-06-20,\N
20280,274433,0,2022-06-20,\N
20281,278633,2,2022-06-20,\N
20282,278642,2,2022-06-20,\N
20283,278509,0,2022-06-20,\N
20284,278055,0,2022-06-20,\N
20285,278695,2,2022-06-20,\N
20286,278701,2,2022-06-20,\N
20287,274589,0,2022-06-20,\N
20288,271338,0,2022-06-20,\N
20291,278723,2,2022-06-21,\N
20292,277977,2,2022-06-21,\N
20293,268045,0,2022-06-21,\N
20295,278734,2,2022-06-21,\N
20296,278129,2,2022-06-21,\N
20305,264417,0,2022-06-21,\N
20306,278582,2,2022-06-21,\N
20307,278788,0,2022-06-21,\N
20309,268857,0,2022-06-21,\N
20314,278851,2,2022-06-22,\N
20315,278758,2,2022-06-22,\N
20316,271557,0,2022-06-22,2022-06-24
20317,278882,2,2022-06-22,\N
20318,278586,2,2022-06-22,\N
20320,261212,0,2022-06-22,\N
20325,278890,1,2022-06-22,\N
20327,278764,2,2022-06-22,\N
20328,276788,2,2022-06-22,\N
20329,268113,0,2022-06-22,\N
20330,278915,2,2022-06-22,\N
20331,278927,2,2022-06-22,\N
20333,278940,0,2022-06-23,\N
20334,278958,0,2022-06-23,\N
20336,278115,2,2022-06-23,\N
20337,278753,2,2022-06-23,\N
20338,278881,0,2022-06-23,\N
20342,278995,0,2022-06-23,\N
20343,278905,2,2022-06-23,\N
20344,278459,2,2022-06-23,\N
20347,267498,0,2022-06-24,\N
20348,278215,2,2022-06-24,\N
20355,279138,0,2022-06-24,\N
20357,277012,0,2022-06-25,\N
20358,274904,0,2022-06-25,\N
20364,271664,0,2022-06-25,\N
20365,268129,0,2022-06-25,\N
20366,267195,0,2022-06-25,\N
20373,261491,0,2022-06-26,\N
20377,266811,0,2022-06-26,\N
20379,261393,2,2022-06-26,\N
20381,265130,0,2022-06-26,\N
20382,279330,2,2022-06-26,\N
20383,272027,0,2022-06-26,\N
20385,278531,2,2022-06-26,\N
20387,271950,0,2022-06-26,\N
20390,279352,2,2022-06-26,\N
20391,274836,0,2022-06-26,\N
20395,279394,2,2022-06-27,\N
20398,270179,0,2022-06-27,\N
20401,278625,2,2022-06-27,\N
20404,274723,0,2022-06-27,\N
20405,279132,0,2022-06-27,2022-07-08
20408,278444,2,2022-06-27,\N
20409,279470,2,2022-06-27,\N
20410,278875,2,2022-06-27,\N
20414,279468,0,2022-06-27,\N
20415,278716,2,2022-06-27,\N
20418,262569,0,2022-06-27,\N
20419,266366,0,2022-06-27,\N
20420,265110,0,2022-06-27,\N
20421,272213,2,2022-06-28,\N
20422,272199,0,2022-06-28,\N
20423,279519,2,2022-06-28,\N
20442,261466,0,2022-06-28,\N
20448,279424,2,2022-06-28,\N
20449,278906,2,2022-06-28,\N
20451,279409,2,2022-06-28,\N
20454,278822,2,2022-06-28,\N
20456,279264,0,2022-06-28,\N
20457,279625,2,2022-06-29,\N
20461,277403,0,2022-06-29,\N
20468,279722,2,2022-06-29,\N
20473,279748,2,2022-06-29,\N
20476,258956,0,2022-06-30,\N
20477,279766,0,2022-06-30,\N
20478,279680,0,2022-06-30,\N
20491,279738,1,2022-06-30,\N
20494,263934,0,2022-06-30,\N
20496,264502,0,2022-06-30,2022-07-27
20498,275158,0,2022-06-30,\N
20503,279751,0,2022-06-30,\N
20507,278088,0,2022-07-01,\N
20509,279909,2,2022-07-01,\N
20521,272157,0,2022-07-01,\N
20522,277323,2,2022-07-01,\N
20523,265519,0,2022-07-01,\N
20525,280000,2,2022-07-01,\N
20527,280011,0,2022-07-01,\N
20528,280019,2,2022-07-02,\N
20529,275389,0,2022-07-02,\N
20530,280053,2,2022-07-02,\N
20540,280067,2,2022-07-02,\N
20541,280114,0,2022-07-02,\N
20542,279178,0,2022-07-02,\N
20545,280140,0,2022-07-03,\N
20546,280126,2,2022-07-03,\N
20557,277782,0,2022-07-03,\N
20558,276395,0,2022-07-03,\N
20560,272717,0,2022-07-03,\N
20561,278483,0,2022-07-03,\N
20562,280142,0,2022-07-03,\N
20563,279914,2,2022-07-04,\N
20564,265176,0,2022-07-04,\N
20566,280218,0,2022-07-04,\N
20567,278853,0,2022-07-04,\N
20568,280159,0,2022-07-04,\N
20569,259258,0,2022-07-04,\N
20570,262677,0,2022-07-04,\N
20578,269570,0,2022-07-04,\N
20580,279881,2,2022-07-04,\N
20581,279947,0,2022-07-04,\N
20582,276439,0,2022-07-04,\N
20584,280134,2,2022-07-04,\N
20585,276562,0,2022-07-04,\N
20588,280121,2,2022-07-05,\N
20595,279922,2,2022-07-05,\N
20598,265966,0,2022-07-05,\N
20599,279482,2,2022-07-05,2022-07-21
20603,280461,1,2022-07-05,\N
20604,265878,0,2022-07-05,\N
20605,269771,0,2022-07-06,\N
20608,266001,0,2022-07-06,\N
20609,262596,0,2022-07-06,\N
20619,280324,0,2022-07-06,\N
20620,276783,0,2022-07-06,\N
20621,276784,0,2022-07-06,\N
20622,280552,0,2022-07-06,\N
20625,280427,0,2022-07-06,\N
20628,269894,0,2022-07-07,\N
20629,280548,0,2022-07-07,\N
20630,272979,0,2022-07-07,\N
20631,269908,0,2022-07-07,\N
20637,280031,2,2022-07-07,\N
20638,277322,2,2022-07-07,\N
20640,269981,0,2022-07-07,\N
20642,276932,0,2022-07-07,\N
20643,279916,2,2022-07-07,\N
20644,274460,0,2022-07-07,\N
20645,280709,0,2022-07-08,\N
20646,275463,0,2022-07-08,\N
20648,280346,1,2022-07-08,\N
20649,280724,2,2022-07-08,\N
20652,259702,0,2022-07-08,\N
20658,280772,0,2022-07-08,\N
20659,266402,0,2022-07-08,\N
20660,280193,2,2022-07-08,\N
20661,280545,2,2022-07-08,\N
20663,280811,2,2022-07-08,2022-07-11
20664,280814,1,2022-07-08,\N
20665,280794,2,2022-07-08,\N
20666,272842,0,2022-07-08,\N
20668,278539,0,2022-07-08,\N
20669,280827,2,2022-07-08,\N
20670,280818,2,2022-07-08,\N
20673,275045,0,2022-07-09,\N
20674,263076,0,2022-07-09,\N
20675,270175,0,2022-07-09,\N
20687,265906,0,2022-07-09,\N
20690,270042,0,2022-07-09,\N
20691,266455,0,2022-07-09,\N
20692,280946,2,2022-07-09,2022-08-11
20693,280954,2,2022-07-10,\N
20695,280850,0,2022-07-10,\N
20696,280868,2,2022-07-10,\N
20698,259965,0,2022-07-10,\N
20706,270240,1,2022-07-10,\N
20708,274464,0,2022-07-10,\N
20709,280412,2,2022-07-10,\N
20710,280208,2,2022-07-10,\N
20711,281018,2,2022-07-10,\N
20712,280207,2,2022-07-10,\N
20713,266462,0,2022-07-10,\N
20714,278833,0,2022-07-11,\N
20717,281071,0,2022-07-11,\N
20718,280249,2,2022-07-11,\N
20726,280396,2,2022-07-11,\N
20727,273423,0,2022-07-11,\N
20729,277410,0,2022-07-11,\N
20733,260833,0,2022-07-11,\N
20735,275800,0,2022-07-11,\N
20736,266894,0,2022-07-12,\N
20737,281200,0,2022-07-12,\N
20739,270517,0,2022-07-12,\N
20740,281095,2,2022-07-12,\N
20748,281243,2,2022-07-12,\N
20749,280849,2,2022-07-12,\N
20750,273695,0,2022-07-12,\N
20751,277521,0,2022-07-12,\N
20752,270460,0,2022-07-12,\N
20754,281324,2,2022-07-12,\N
20755,277562,0,2022-07-12,\N
20756,270616,0,2022-07-13,\N
20757,262260,0,2022-07-13,\N
20758,281331,2,2022-07-13,\N
20759,263483,0,2022-07-13,\N
20762,266814,0,2022-07-13,\N
20763,281210,2,2022-07-13,2022-07-13
20765,260173,1,2022-07-13,\N
20773,259996,0,2022-07-13,\N
20774,279404,0,2022-07-13,\N
20777,281297,0,2022-07-13,\N
20778,280613,2,2022-07-13,\N
20781,281196,0,2022-07-13,\N
20782,281440,2,2022-07-13,\N
20784,273862,0,2022-07-13,\N
20785,266616,0,2022-07-13,\N
20786,281447,2,2022-07-13,\N
20797,260465,0,2022-07-14,\N
20800,265848,0,2022-07-14,\N
20801,281512,0,2022-07-14,\N
20802,270811,0,2022-07-14,\N
20804,280913,2,2022-07-14,\N
20805,280863,2,2022-07-14,\N
20807,278366,2,2022-07-15,\N
20808,277715,0,2022-07-15,\N
20809,270247,0,2022-07-15,\N
20818,277880,0,2022-07-15,\N
20821,281631,0,2022-07-15,\N
20822,275786,0,2022-07-15,\N
20823,280689,0,2022-07-15,\N
20824,280825,2,2022-07-15,\N
20825,281609,0,2022-07-15,\N
20826,281299,2,2022-07-15,\N
20827,263690,0,2022-07-15,\N
20830,277953,0,2022-07-15,\N
20832,276542,0,2022-07-15,\N
20835,272596,1,2022-07-16,\N
20836,277866,0,2022-07-16,\N
20845,260646,0,2022-07-16,\N
20846,269874,1,2022-07-16,2022-07-20
20847,272175,0,2022-07-16,2022-07-18
20848,267546,0,2022-07-16,\N
20850,281753,0,2022-07-16,\N
20852,281769,0,2022-07-16,\N
20853,280932,2,2022-07-16,2022-08-09
20854,274166,0,2022-07-16,\N
20856,277803,0,2022-07-16,\N
20857,277814,0,2022-07-16,\N
20858,279508,0,2022-07-16,\N
20859,275570,0,2022-07-17,\N
20871,281796,0,2022-07-17,\N
20874,263913,0,2022-07-17,\N
20876,268242,0,2022-07-17,\N
20877,277821,0,2022-07-17,\N
20878,281787,2,2022-07-17,\N
20881,275173,0,2022-07-18,\N
20882,278143,0,2022-07-18,\N
20883,267721,0,2022-07-18,\N
20884,281714,2,2022-07-18,\N
20891,272792,0,2022-07-18,\N
20894,281742,2,2022-07-18,\N
20896,281961,0,2022-07-18,\N
20897,281925,2,2022-07-18,\N
20899,271841,2,2022-07-18,\N
20900,273161,2,2022-07-18,\N
20901,281989,2,2022-07-18,\N
20902,281992,0,2022-07-18,\N
20903,281993,2,2022-07-18,\N
20904,259190,2,2022-07-18,\N
20906,270824,0,2022-07-18,\N
20907,280121,2,2022-07-18,\N
20908,282010,2,2022-07-18,\N
20909,270988,0,2022-07-18,\N
20910,282022,2,2022-07-18,\N
20912,279228,2,2022-07-18,\N
20913,278611,2,2022-07-18,\N
20914,274276,0,2022-07-18,\N
20916,277242,2,2022-07-19,\N
20917,277864,0,2022-07-19,2022-07-19
20918,277864,2,2022-07-19,\N
20920,267930,0,2022-07-19,\N
20924,282045,2,2022-07-19,2022-07-19
20935,280821,2,2022-07-19,\N
20936,282094,0,2022-07-19,\N
20937,282107,2,2022-07-19,2022-07-25
20938,273852,2,2022-07-19,\N
20939,271306,2,2022-07-19,\N
20940,282124,2,2022-07-19,\N
20941,274402,0,2022-07-20,\N
20942,282136,2,2022-07-20,\N
20943,268045,0,2022-07-20,\N
20944,269984,0,2022-07-20,\N
20953,282066,2,2022-07-20,\N
20956,274433,0,2022-07-20,\N
20957,282164,2,2022-07-20,\N
20958,278509,0,2022-07-20,\N
20959,277782,2,2022-07-20,2022-08-08
20960,259486,2,2022-07-20,\N
20961,264228,2,2022-07-20,\N
20962,278055,0,2022-07-20,\N
20963,280547,0,2022-07-20,\N
20964,270245,2,2022-07-20,\N
20965,281453,2,2022-07-20,\N
20966,274589,0,2022-07-20,\N
20967,271338,0,2022-07-20,\N
20968,282021,2,2022-07-20,2022-08-02
20970,282121,2,2022-07-20,\N
20973,282214,2,2022-07-21,\N
20975,278101,2,2022-07-21,\N
20976,269874,1,2022-07-21,2022-08-16
20991,278890,2,2022-07-21,\N
20992,278326,0,2022-07-21,2022-07-21
20993,264417,0,2022-07-21,\N
20994,281966,2,2022-07-21,\N
20996,261333,2,2022-07-21,\N
20997,260646,2,2022-07-21,\N
20998,278788,0,2022-07-21,\N
21000,263934,0,2022-07-21,\N
21001,268857,0,2022-07-21,\N
21002,282218,2,2022-07-21,\N
21004,282273,2,2022-07-21,\N
21005,281010,0,2022-07-21,\N
21007,282207,2,2022-07-21,\N
21008,282283,2,2022-07-21,\N
21012,282290,2,2022-07-22,2022-07-27
21013,282291,2,2022-07-22,\N
21014,281671,2,2022-07-22,\N
21017,261972,2,2022-07-22,\N
21025,261828,0,2022-07-22,\N
21026,272050,2,2022-07-22,\N
21029,266187,2,2022-07-22,\N
21030,282322,2,2022-07-22,2022-08-17
21032,281522,2,2022-07-22,\N
21033,282330,2,2022-07-22,\N
21034,268113,0,2022-07-22,\N
21035,282344,2,2022-07-22,\N
21036,282352,2,2022-07-22,\N
21037,282356,2,2022-07-22,\N
21038,282362,2,2022-07-22,\N
21039,282371,2,2022-07-23,\N
21040,278958,0,2022-07-23,\N
21041,275307,2,2022-07-23,\N
21042,272089,2,2022-07-23,\N
21043,282391,2,2022-07-23,\N
21044,282393,2,2022-07-23,\N
21045,269748,2,2022-07-23,\N
21046,282336,2,2022-07-23,\N
21055,282426,2,2022-07-23,\N
21056,278685,2,2022-07-23,\N
21057,282149,2,2022-07-23,\N
21058,282443,2,2022-07-23,\N
21059,282446,2,2022-07-23,\N
21060,282430,2,2022-07-23,\N
21064,267498,0,2022-07-24,\N
21065,282462,2,2022-07-24,\N
21068,280953,2,2022-07-24,\N
21069,270363,0,2022-07-24,2022-07-25
21070,282500,2,2022-07-24,\N
21072,282503,2,2022-07-24,\N
21073,272144,2,2022-07-24,\N
21074,281885,2,2022-07-24,\N
21076,281528,2,2022-07-25,\N
21077,281337,2,2022-07-25,\N
21078,277012,0,2022-07-25,\N
21079,274904,0,2022-07-25,\N
21080,282541,2,2022-07-25,\N
21100,282402,2,2022-07-25,\N
21101,282546,2,2022-07-25,\N
21103,282560,2,2022-07-25,\N
21105,282572,2,2022-07-25,\N
21107,282576,2,2022-07-25,\N
21108,272145,2,2022-07-25,\N
21110,282580,2,2022-07-25,\N
21112,271664,0,2022-07-25,\N
21113,282539,2,2022-07-25,\N
21114,281802,0,2022-07-25,\N
21115,268129,0,2022-07-25,\N
21116,282582,2,2022-07-25,\N
21119,282591,2,2022-07-25,\N
21120,280834,2,2022-07-25,\N
21121,282595,2,2022-07-25,\N
21122,282504,2,2022-07-25,\N
21124,282603,2,2022-07-25,\N
21125,267195,0,2022-07-25,\N
21127,282608,2,2022-07-25,\N
21128,281608,2,2022-07-25,\N
21129,282614,2,2022-07-25,\N
21130,282617,2,2022-07-25,\N
21132,277866,2,2022-07-26,\N
21133,282629,2,2022-07-26,\N
21134,282637,2,2022-07-26,\N
21136,282638,0,2022-07-26,\N
21137,282408,2,2022-07-26,\N
21139,282648,2,2022-07-26,\N
21140,269321,2,2022-07-26,\N
21147,261491,0,2022-07-26,\N
21153,282564,2,2022-07-26,\N
21154,278409,2,2022-07-26,\N
21155,277510,2,2022-07-26,\N
21159,282669,2,2022-07-26,\N
21161,282442,1,2022-07-26,\N
21162,282542,2,2022-07-26,\N
21163,282318,2,2022-07-26,\N
21166,282691,2,2022-07-26,\N
21167,265130,0,2022-07-26,\N
21169,282697,2,2022-07-26,\N
21170,282429,2,2022-07-26,\N
21171,282700,2,2022-07-26,2022-08-11
21172,282687,2,2022-07-26,\N
21173,282575,2,2022-07-26,\N
21174,282705,2,2022-07-26,\N
21175,279537,2,2022-07-26,\N
21176,282529,2,2022-07-26,\N
21178,282712,2,2022-07-26,\N
21179,265680,2,2022-07-26,\N
21180,271950,0,2022-07-26,\N
21181,278881,0,2022-07-26,\N
21183,282720,0,2022-07-26,\N
21184,282304,2,2022-07-26,\N
21185,282586,2,2022-07-26,\N
21186,282668,2,2022-07-26,\N
21187,282724,2,2022-07-26,\N
21188,260334,2,2022-07-26,\N
21191,274836,0,2022-07-26,\N
21192,280379,2,2022-07-26,\N
21193,265864,2,2022-07-26,2022-07-27
21194,281762,2,2022-07-26,\N
21195,282726,2,2022-07-26,\N
21198,280552,2,2022-07-26,\N
21199,266456,2,2022-07-26,\N
21200,282729,2,2022-07-27,\N
21201,282731,2,2022-07-27,\N
21204,282237,2,2022-07-27,\N
21205,282738,2,2022-07-27,\N
21207,282741,2,2022-07-27,\N
21208,282643,2,2022-07-27,\N
21209,282526,2,2022-07-27,\N
21210,282748,2,2022-07-27,\N
21211,282553,2,2022-07-27,\N
21213,282753,2,2022-07-27,\N
21214,278881,2,2022-07-27,\N
21215,282235,2,2022-07-27,\N
21217,282594,0,2022-07-27,\N
21218,282757,2,2022-07-27,\N
21219,282758,2,2022-07-27,\N
21221,281568,2,2022-07-27,\N
21222,282759,2,2022-07-27,\N
21231,282776,2,2022-07-27,\N
21232,282779,2,2022-07-27,\N
21233,281870,2,2022-07-27,\N
21234,282713,2,2022-07-27,\N
21235,282359,2,2022-07-27,2022-08-02
21236,278421,2,2022-07-27,\N
21237,274723,0,2022-07-27,2022-07-27
21238,282791,2,2022-07-27,\N
21240,279468,0,2022-07-27,\N
21241,282275,2,2022-07-27,2022-07-28
21242,282813,0,2022-07-27,2022-08-23
21243,265110,0,2022-07-27,\N
21244,273136,2,2022-07-27,\N
21245,282825,2,2022-07-27,\N
21246,282833,2,2022-07-28,\N
21247,282033,2,2022-07-28,\N
21248,268090,2,2022-07-28,\N
21250,282838,2,2022-07-28,\N
21251,282088,0,2022-07-28,\N
21274,261466,0,2022-07-28,\N
21286,282818,2,2022-07-28,\N
21287,282783,2,2022-07-28,\N
21288,259361,2,2022-07-28,\N
21289,279428,2,2022-07-28,\N
21290,282881,2,2022-07-28,\N
21291,282880,2,2022-07-28,\N
21292,282885,2,2022-07-28,\N
21293,282892,2,2022-07-28,\N
21296,282441,2,2022-07-28,2022-08-25
21297,282813,2,2022-07-28,2022-08-23
21299,282901,2,2022-07-28,\N
21301,282910,2,2022-07-28,\N
21302,282911,2,2022-07-28,\N
21303,282915,2,2022-07-28,\N
21304,282920,2,2022-07-28,\N
21305,282032,2,2022-07-28,\N
21306,280853,2,2022-07-28,\N
21307,279264,0,2022-07-29,\N
21308,282926,2,2022-07-29,\N
21309,282929,0,2022-07-29,\N
21310,282931,2,2022-07-29,\N
21312,282935,2,2022-07-29,\N
21313,282839,2,2022-07-29,\N
21314,282567,2,2022-07-29,\N
21315,282929,2,2022-07-29,\N
21317,282937,2,2022-07-29,\N
21318,282939,2,2022-07-29,\N
21320,277403,0,2022-07-29,\N
21322,282940,2,2022-07-29,\N
21324,282949,2,2022-07-29,\N
21325,282626,2,2022-07-29,\N
21326,282950,2,2022-07-29,\N
21327,271849,2,2022-07-29,\N
21328,282948,2,2022-07-29,\N
21337,272027,0,2022-07-29,\N
21338,266366,0,2022-07-29,\N
21339,282956,2,2022-07-29,\N
21340,282829,2,2022-07-29,\N
21345,283029,2,2022-07-30,\N
21346,283031,2,2022-07-30,2022-08-29
21348,279766,0,2022-07-30,\N
21350,282954,0,2022-07-30,\N
21353,282977,0,2022-07-30,\N
21354,282507,0,2022-07-30,\N
21356,265906,0,2022-07-30,\N
21357,283116,2,2022-07-30,\N
21358,283136,0,2022-07-30,\N
21360,283130,2,2022-07-30,\N
21361,283154,2,2022-07-30,\N
21362,283162,0,2022-07-31,\N
21364,275389,0,2022-07-31,\N
21368,273723,2,2022-07-31,\N
21371,265370,2,2022-07-31,\N
21375,283318,2,2022-08-01,\N
21376,283328,0,2022-08-01,\N
21378,261716,0,2022-08-01,\N
21381,272157,0,2022-08-01,\N
21385,283023,2,2022-08-01,\N
21386,283239,0,2022-08-01,\N
21387,283414,0,2022-08-01,\N
21389,265519,0,2022-08-01,\N
21393,275158,0,2022-08-01,\N
21395,279513,2,2022-08-01,\N
21396,282751,2,2022-08-02,\N
21401,261608,1,2022-08-02,\N
21403,283025,2,2022-08-02,\N
21405,278789,0,2022-08-02,\N
21407,283286,2,2022-08-02,\N
21408,283598,0,2022-08-02,\N
21409,280114,0,2022-08-02,\N
21410,279178,0,2022-08-02,\N
21411,283636,2,2022-08-02,\N
21415,283005,2,2022-08-03,\N
21416,276395,0,2022-08-03,\N
21417,283300,2,2022-08-03,\N
21418,283573,0,2022-08-03,\N
21419,283771,2,2022-08-03,\N
21420,278483,0,2022-08-03,\N
21421,265176,0,2022-08-04,\N
21422,278853,0,2022-08-04,\N
21423,272696,1,2022-08-04,\N
21425,283831,2,2022-08-04,\N
21430,259258,0,2022-08-04,\N
21434,269570,0,2022-08-04,\N
21435,283809,0,2022-08-04,\N
21436,283550,2,2022-08-04,\N
21437,282960,2,2022-08-04,\N
21438,283745,1,2022-08-04,\N
21439,276439,0,2022-08-04,\N
21440,282995,2,2022-08-04,\N
21442,283927,2,2022-08-04,2022-08-10
21443,283720,2,2022-08-04,\N
21445,276562,0,2022-08-05,\N
21451,283730,0,2022-08-05,\N
21454,283406,2,2022-08-05,\N
21455,283357,0,2022-08-05,\N
21456,283824,2,2022-08-05,\N
21457,284028,2,2022-08-05,\N
21458,265966,0,2022-08-05,\N
21461,283456,0,2022-08-05,\N
21463,284063,2,2022-08-05,\N
21464,265878,0,2022-08-05,\N
21465,284066,2,2022-08-05,\N
21466,284067,2,2022-08-05,\N
21467,284072,2,2022-08-05,\N
21468,269771,0,2022-08-06,\N
21474,284011,0,2022-08-06,2022-08-08
21476,280324,0,2022-08-06,\N
21477,276783,0,2022-08-06,\N
21478,276784,0,2022-08-06,\N
21479,284152,2,2022-08-06,\N
21480,283696,0,2022-08-06,\N
21481,284167,2,2022-08-06,\N
21483,280427,0,2022-08-06,\N
21489,269894,0,2022-08-07,\N
21490,272979,0,2022-08-07,\N
21491,269908,0,2022-08-07,\N
21495,283452,2,2022-08-07,\N
21496,269981,0,2022-08-07,\N
21497,262677,0,2022-08-07,\N
21498,284288,0,2022-08-07,\N
21499,276932,0,2022-08-07,\N
21500,274460,0,2022-08-07,\N
21501,284311,0,2022-08-07,\N
21502,284194,0,2022-08-07,\N
21503,284320,0,2022-08-07,2022-08-08
21504,274781,0,2022-08-07,\N
21505,284110,2,2022-08-08,\N
21506,282520,0,2022-08-08,\N
21507,284344,0,2022-08-08,\N
21508,284342,2,2022-08-08,2022-08-11
21509,284241,1,2022-08-08,\N
21510,283806,2,2022-08-08,\N
21511,259702,0,2022-08-08,\N
21512,284379,2,2022-08-08,\N
21517,282803,0,2022-08-08,\N
21518,283584,2,2022-08-08,\N
21519,266402,0,2022-08-08,\N
21521,283486,0,2022-08-08,\N
21524,284292,0,2022-08-09,\N
21525,284492,0,2022-08-09,\N
21526,283576,2,2022-08-09,\N
21527,275045,0,2022-08-09,\N
21528,263076,0,2022-08-09,\N
21529,270175,0,2022-08-09,\N
21531,283623,2,2022-08-09,\N
21540,284546,0,2022-08-09,\N
21541,283887,0,2022-08-09,\N
21543,280772,0,2022-08-09,\N
21544,284402,2,2022-08-09,\N
21545,284512,0,2022-08-09,\N
21547,266455,0,2022-08-09,\N
21548,284566,2,2022-08-10,2022-09-12
21550,284633,0,2022-08-10,\N
21552,284438,2,2022-08-10,\N
21553,280850,0,2022-08-10,\N
21558,259965,0,2022-08-10,\N
21560,284632,0,2022-08-10,\N
21562,284487,0,2022-08-10,\N
21563,274464,0,2022-08-10,\N
21564,278995,0,2022-08-10,\N
21565,284415,0,2022-08-10,\N
21567,262569,0,2022-08-10,\N
21571,284266,2,2022-08-11,\N
21573,273423,0,2022-08-11,\N
21574,283889,0,2022-08-11,\N
21575,284858,2,2022-08-11,\N
21577,260833,0,2022-08-11,\N
21578,275800,0,2022-08-11,\N
21579,283923,2,2022-08-11,\N
21580,284492,2,2022-08-11,\N
21582,266894,0,2022-08-12,\N
21583,275463,0,2022-08-12,\N
21585,270517,0,2022-08-12,\N
21586,285044,0,2022-08-12,\N
21591,277410,0,2022-08-12,\N
21593,273695,0,2022-08-12,\N
21595,273132,0,2022-08-12,\N
21596,285154,2,2022-08-12,\N
21598,277562,0,2022-08-12,\N
21599,270616,0,2022-08-13,\N
21600,262260,0,2022-08-13,\N
21601,263483,0,2022-08-13,\N
21602,284954,0,2022-08-13,\N
21603,284141,2,2022-08-13,\N
21604,284531,2,2022-08-13,\N
21609,259996,0,2022-08-13,\N
21610,285252,0,2022-08-13,\N
21611,280458,2,2022-08-13,\N
21612,285276,2,2022-08-13,\N
21616,281196,0,2022-08-13,\N
21617,273862,0,2022-08-13,\N
21618,266616,0,2022-08-13,\N
21620,285352,2,2022-08-14,\N
21626,260465,0,2022-08-14,\N
21629,285406,2,2022-08-14,\N
21630,285411,2,2022-08-14,\N
21631,265848,0,2022-08-14,\N
21632,285283,0,2022-08-14,\N
21633,281512,0,2022-08-14,\N
21634,270811,0,2022-08-14,\N
21636,277353,0,2022-08-14,\N
21643,281631,0,2022-08-15,\N
21644,280689,0,2022-08-15,\N
21645,281609,0,2022-08-15,\N
21646,280611,0,2022-08-15,\N
21647,263690,0,2022-08-15,\N
21649,277953,0,2022-08-15,\N
21650,275570,0,2022-08-16,\N
21653,285344,1,2022-08-16,\N
21659,266001,0,2022-08-16,\N
21660,267546,0,2022-08-16,\N
21661,281753,0,2022-08-16,\N
21664,281769,0,2022-08-16,\N
21665,274166,0,2022-08-16,\N
21667,277814,0,2022-08-16,\N
21668,279508,0,2022-08-16,\N
21669,261073,0,2022-08-17,\N
21678,265210,0,2022-08-17,\N
21680,284748,0,2022-08-17,\N
21682,263913,0,2022-08-17,\N
21683,268242,0,2022-08-17,\N
21686,285322,0,2022-08-18,\N
21688,281796,0,2022-08-18,\N
21697,286826,0,2022-08-18,\N
21698,286865,0,2022-08-18,\N
21700,286884,0,2022-08-18,\N
21702,281992,0,2022-08-18,\N
21703,262643,0,2022-08-18,\N
21704,270824,0,2022-08-18,\N
21705,286563,2,2022-08-18,\N
21706,270988,0,2022-08-18,\N
21707,287006,0,2022-08-18,\N
21710,274276,0,2022-08-18,\N
21711,287180,0,2022-08-19,\N
21712,275173,0,2022-08-19,\N
21713,267930,0,2022-08-19,\N
21715,286824,0,2022-08-19,\N
21716,284166,2,2022-08-19,\N
21724,284482,0,2022-08-19,\N
21725,287245,0,2022-08-19,\N
21726,287143,0,2022-08-19,\N
21727,282094,0,2022-08-19,\N
21728,286717,2,2022-08-19,\N
21731,274402,0,2022-08-20,\N
21732,286735,2,2022-08-20,\N
21733,287334,2,2022-08-20,\N
21734,285670,0,2022-08-20,\N
21737,287214,0,2022-08-20,\N
21738,274433,0,2022-08-20,\N
21739,287373,2,2022-08-20,\N
21740,272977,0,2022-08-20,\N
21741,278509,0,2022-08-20,\N
21742,278055,0,2022-08-20,\N
21743,280547,0,2022-08-20,\N
21744,287434,2,2022-08-20,\N
21746,271338,0,2022-08-20,\N
21747,264295,1,2022-08-20,\N
21748,287072,0,2022-08-21,\N
21751,285397,2,2022-08-21,\N
21752,287466,2,2022-08-21,\N
21753,287331,2,2022-08-21,\N
21760,264417,0,2022-08-21,2022-08-22
21761,287478,0,2022-08-21,\N
21762,281294,0,2022-08-21,\N
21763,286606,0,2022-08-21,\N
21764,278788,0,2022-08-21,\N
21765,287499,0,2022-08-21,\N
21766,268857,0,2022-08-21,\N
21768,269874,1,2022-08-21,2022-09-09
21769,281010,0,2022-08-21,\N
21770,287526,2,2022-08-21,\N
21772,287436,0,2022-08-21,\N
21775,268045,0,2022-08-22,\N
21776,287548,2,2022-08-22,\N
21783,285915,0,2022-08-22,\N
21785,261828,0,2022-08-22,\N
21790,280372,0,2022-08-22,\N
21791,268113,0,2022-08-22,\N
21792,287632,2,2022-08-22,\N
21794,287618,2,2022-08-22,2022-09-21
21795,286190,2,2022-08-22,\N
21797,278958,0,2022-08-23,\N
21798,287330,0,2022-08-23,\N
21800,286753,2,2022-08-23,\N
21803,286799,2,2022-08-23,\N
21806,287238,2,2022-08-23,\N
21807,286607,0,2022-08-23,\N
21808,286418,0,2022-08-23,\N
21810,287737,2,2022-08-23,\N
21811,287739,2,2022-08-23,\N
21812,287721,0,2022-08-23,\N
21814,285191,0,2022-08-24,2022-09-23
21815,267498,0,2022-08-24,\N
21817,287291,2,2022-08-24,\N
21819,284180,0,2022-08-24,\N
21820,272792,0,2022-08-24,\N
21829,287565,0,2022-08-24,\N
21830,275786,0,2022-08-24,\N
21831,287896,2,2022-08-24,\N
21832,287926,0,2022-08-24,\N
21834,287102,2,2022-08-25,\N
21835,277012,0,2022-08-25,\N
21836,274904,0,2022-08-25,\N
21843,288003,0,2022-08-25,\N
21844,287993,0,2022-08-25,\N
21851,271664,0,2022-08-25,\N
21852,281802,0,2022-08-25,\N
21853,268129,0,2022-08-25,\N
21854,285201,0,2022-08-25,\N
21856,288075,2,2022-08-25,\N
21857,288076,2,2022-08-25,\N
21858,288077,2,2022-08-25,\N
21859,267195,0,2022-08-25,\N
21860,288098,2,2022-08-25,\N
21862,282638,0,2022-08-26,\N
21863,288122,2,2022-08-26,\N
21865,283854,0,2022-08-26,\N
21872,261491,0,2022-08-26,\N
21874,286834,0,2022-08-26,\N
21876,288142,0,2022-08-26,\N
21877,265130,0,2022-08-26,\N
21878,271950,0,2022-08-26,\N
21879,282720,0,2022-08-26,\N
21880,287427,2,2022-08-26,\N
21883,288269,2,2022-08-27,\N
21896,288315,0,2022-08-27,\N
21897,283115,2,2022-08-27,\N
21898,265110,0,2022-08-27,\N
21901,288345,2,2022-08-28,\N
21902,263825,0,2022-08-28,\N
21919,287473,2,2022-08-28,\N
21920,275505,2,2022-08-28,\N
21921,280548,2,2022-08-28,2022-08-31
21923,288430,2,2022-08-28,\N
21925,266366,0,2022-08-28,\N
21927,277403,0,2022-08-29,\N
21928,288533,2,2022-08-29,\N
21931,288579,2,2022-08-29,\N
21933,285581,2,2022-08-29,\N
21936,288599,2,2022-08-29,\N
21937,287688,2,2022-08-29,\N
21939,288484,2,2022-08-29,\N
21941,282507,1,2022-08-29,\N
21945,275389,0,2022-08-30,\N
21946,288392,0,2022-08-30,\N
21947,282954,0,2022-08-30,\N
21951,288690,2,2022-08-30,\N
21952,288702,2,2022-08-30,2022-09-05
21954,265906,0,2022-08-30,\N
21955,275158,0,2022-08-30,\N
21956,288771,2,2022-08-30,2022-09-26
21958,288140,2,2022-08-30,\N
21959,288753,0,2022-08-30,2022-08-31
21962,269534,2,2022-08-30,\N
21965,288791,2,2022-08-30,\N
21966,288793,0,2022-08-30,\N
21967,288637,0,2022-08-30,\N
21968,288808,2,2022-08-31,\N
21970,288505,2,2022-08-31,\N
21981,282977,0,2022-08-31,\N
21982,274166,1,2022-08-31,\N
21983,287490,2,2022-08-31,\N
21989,288284,2,2022-08-31,\N
21999,288950,0,2022-08-31,\N
22000,288487,2,2022-09-01,\N
22004,261716,0,2022-09-01,\N
22005,287975,0,2022-09-01,\N
22006,272157,0,2022-09-01,\N
22015,288926,0,2022-09-01,\N
22018,288853,2,2022-09-01,\N
22019,283414,0,2022-09-01,\N
22021,289048,2,2022-09-01,\N
22022,265519,0,2022-09-01,\N
22023,289066,2,2022-09-01,\N
22024,288773,2,2022-09-01,\N
22026,269130,2,2022-09-01,\N
22027,289096,0,2022-09-02,\N
22028,282594,0,2022-09-02,2022-09-02
22035,288442,2,2022-09-02,\N
22036,278789,0,2022-09-02,\N
22037,280114,0,2022-09-02,\N
22038,289218,2,2022-09-02,2022-09-29
22039,289210,2,2022-09-02,\N
22040,279178,0,2022-09-02,\N
22044,289270,2,2022-09-03,\N
22045,288923,0,2022-09-03,\N
22047,265176,0,2022-09-04,\N
22048,288809,2,2022-09-04,\N
22049,289260,0,2022-09-04,\N
22051,262677,0,2022-09-04,\N
22053,259258,0,2022-09-04,\N
22055,269570,0,2022-09-04,\N
22057,276439,0,2022-09-04,\N
22058,289263,0,2022-09-04,\N
22059,289177,0,2022-09-04,\N
22060,289329,2,2022-09-04,\N
22061,289118,2,2022-09-04,2022-09-12
22063,278853,0,2022-09-05,\N
22068,289019,2,2022-09-05,\N
22069,283357,0,2022-09-05,\N
22070,265966,0,2022-09-05,\N
22072,288665,2,2022-09-05,\N
22073,283456,0,2022-09-05,\N
22074,288691,2,2022-09-05,\N
22075,265878,0,2022-09-05,\N
22076,269771,0,2022-09-06,\N
22077,288884,2,2022-09-06,\N
22080,289609,0,2022-09-06,\N
22084,289526,0,2022-09-06,\N
22087,289627,0,2022-09-06,2022-09-19
22088,280324,0,2022-09-06,\N
22089,276783,0,2022-09-06,\N
22090,276784,0,2022-09-06,\N
22091,279404,0,2022-09-06,\N
22092,289666,2,2022-09-06,\N
22093,283696,0,2022-09-06,\N
22094,289580,0,2022-09-06,\N
22098,269894,0,2022-09-07,\N
22100,269908,0,2022-09-07,\N
22102,279923,2,2022-09-07,\N
22104,289517,0,2022-09-07,\N
22105,288909,2,2022-09-07,\N
22106,289711,2,2022-09-07,2022-10-06
22107,280932,2,2022-09-07,\N
22108,284288,0,2022-09-07,\N
22109,276932,0,2022-09-07,\N
22110,289805,2,2022-09-07,\N
22111,289802,2,2022-09-07,2022-10-11
22112,289796,0,2022-09-07,\N
22113,274460,0,2022-09-07,\N
22114,289827,0,2022-09-07,\N
22115,274781,0,2022-09-07,\N
22116,275463,0,2022-09-08,\N
22117,282520,0,2022-09-08,\N
22118,284344,0,2022-09-08,\N
22119,289232,2,2022-09-08,\N
22122,259702,0,2022-09-08,\N
22128,289024,2,2022-09-08,\N
22129,283510,0,2022-09-08,\N
22132,279062,2,2022-09-08,\N
22133,266402,0,2022-09-08,\N
22134,289047,2,2022-09-08,\N
22135,289910,0,2022-09-08,\N
22138,266001,0,2022-09-09,\N
22141,284292,0,2022-09-09,\N
22142,282221,2,2022-09-09,\N
22143,287158,0,2022-09-09,\N
22144,263076,0,2022-09-09,\N
22145,270175,0,2022-09-09,\N
22154,283887,0,2022-09-09,\N
22155,289503,2,2022-09-09,\N
22156,289538,2,2022-09-09,\N
22157,277834,2,2022-09-09,\N
22158,266455,0,2022-09-09,\N
22160,284633,0,2022-09-10,\N
22162,280850,0,2022-09-10,\N
22166,259965,0,2022-09-10,\N
22170,275045,0,2022-09-10,\N
22172,289339,2,2022-09-10,\N
22173,284415,0,2022-09-10,\N
22175,262569,0,2022-09-10,\N
22177,289798,0,2022-09-10,\N
22178,289401,2,2022-09-10,\N
22183,290226,0,2022-09-11,\N
22186,260833,0,2022-09-11,\N
22188,290303,2,2022-09-11,\N
22189,266894,0,2022-09-12,\N
22191,270517,0,2022-09-12,\N
22192,288659,0,2022-09-12,\N
22193,285044,0,2022-09-12,\N
22200,290350,0,2022-09-12,\N
22201,277410,0,2022-09-12,\N
22202,273695,0,2022-09-12,\N
22207,290426,2,2022-09-12,\N
22208,273132,0,2022-09-12,\N
22209,277562,0,2022-09-12,\N
22210,270616,0,2022-09-13,\N
22211,290264,2,2022-09-13,\N
22212,263483,0,2022-09-13,\N
22213,289879,2,2022-09-13,\N
22214,284954,0,2022-09-13,\N
22219,290487,0,2022-09-13,\N
22221,278995,0,2022-09-13,\N
22222,290554,2,2022-09-13,\N
22225,281196,0,2022-09-13,\N
22226,273862,0,2022-09-13,\N
22227,266616,0,2022-09-13,\N
22229,260465,0,2022-09-14,\N
22239,265848,0,2022-09-14,\N
22240,281512,0,2022-09-14,\N
22241,270811,0,2022-09-14,\N
22243,290719,0,2022-09-14,\N
22244,277353,0,2022-09-14,\N
22245,290600,2,2022-09-14,2022-09-15
22247,290775,0,2022-09-15,\N
22259,275786,0,2022-09-15,\N
22260,280689,0,2022-09-15,\N
22262,280611,0,2022-09-15,\N
22263,263690,0,2022-09-15,\N
22265,263783,0,2022-09-15,\N
22266,277953,0,2022-09-15,\N
22272,290954,2,2022-09-16,\N
22273,267546,0,2022-09-16,\N
22274,281753,0,2022-09-16,\N
22276,290991,2,2022-09-16,\N
22277,281769,0,2022-09-16,\N
22279,277814,0,2022-09-16,\N
22280,290039,2,2022-09-16,\N
22281,279508,0,2022-09-16,\N
22282,275570,0,2022-09-17,\N
22285,291024,2,2022-09-17,\N
22292,290945,0,2022-09-17,\N
22293,281796,0,2022-09-17,\N
22295,263913,0,2022-09-17,\N
22296,268242,0,2022-09-17,\N
22298,289244,0,2022-09-18,\N
22299,285322,0,2022-09-18,\N
22305,286826,0,2022-09-18,\N
22306,291011,2,2022-09-18,\N
22307,286884,0,2022-09-18,\N
22308,291116,2,2022-09-18,\N
22309,270824,0,2022-09-18,\N
22310,287006,0,2022-09-18,\N
22311,290953,2,2022-09-18,\N
22312,291177,0,2022-09-19,\N
22313,291165,0,2022-09-19,\N
22314,275173,0,2022-09-19,\N
22315,291234,2,2022-09-19,\N
22316,267930,0,2022-09-19,\N
22324,284482,0,2022-09-19,\N
22326,287143,0,2022-09-19,\N
22327,284643,0,2022-09-19,\N
22328,290444,0,2022-09-19,\N
22329,274317,2,2022-09-19,\N
22330,288071,2,2022-09-19,\N
22333,271338,2,2022-09-19,\N
22335,289790,2,2022-09-19,2022-09-21
22336,277657,2,2022-09-19,\N
22338,291366,2,2022-09-19,\N
22339,284482,2,2022-09-19,\N
22340,285322,2,2022-09-20,\N
22343,268045,0,2022-09-20,\N
22344,291214,2,2022-09-20,\N
22345,273443,2,2022-09-20,\N
22346,280148,2,2022-09-20,\N
22347,291400,1,2022-09-20,\N
22348,291401,1,2022-09-20,\N
22349,289601,0,2022-09-20,\N
22350,291402,2,2022-09-20,\N
22351,268242,2,2022-09-20,\N
22356,291250,0,2022-09-20,\N
22357,270435,0,2022-09-20,\N
22358,290027,2,2022-09-20,\N
22359,274433,0,2022-09-20,\N
22360,272977,0,2022-09-20,\N
22361,291436,2,2022-09-20,\N
22362,291356,2,2022-09-20,\N
22363,278509,0,2022-09-20,\N
22364,289535,2,2022-09-20,2022-10-10
22366,278972,2,2022-09-20,\N
22368,289686,0,2022-09-20,\N
22370,278055,0,2022-09-20,\N
22372,291458,2,2022-09-20,\N
22375,291462,2,2022-09-20,\N
22376,291452,2,2022-09-20,\N
22377,280547,0,2022-09-20,\N
22378,289823,0,2022-09-20,\N
22379,291347,0,2022-09-20,\N
22380,274893,2,2022-09-20,\N
22381,286199,0,2022-09-21,\N
22385,291404,2,2022-09-21,\N
22395,287478,0,2022-09-21,\N
22396,289769,0,2022-09-21,\N
22397,265210,0,2022-09-21,\N
22399,281294,0,2022-09-21,\N
22400,278788,0,2022-09-21,\N
22401,291561,2,2022-09-21,\N
22402,290906,2,2022-09-21,\N
22403,282244,2,2022-09-21,\N
22404,291575,2,2022-09-21,2022-09-26
22405,283521,2,2022-09-21,\N
22406,268857,0,2022-09-21,\N
22407,291576,2,2022-09-21,\N
22408,291565,2,2022-09-21,\N
22409,280644,2,2022-09-21,2022-10-19
22410,290496,2,2022-09-21,\N
22411,291098,2,2022-09-21,\N
22413,291617,2,2022-09-22,\N
22421,285915,0,2022-09-22,\N
22423,288782,2,2022-09-22,\N
22424,291695,2,2022-09-22,\N
22425,291599,2,2022-09-22,\N
22426,280372,0,2022-09-22,\N
22427,268113,0,2022-09-22,\N
22428,291728,0,2022-09-22,\N
22429,290746,0,2022-09-22,\N
22430,275766,0,2022-09-22,\N
22431,291743,2,2022-09-22,\N
22432,291713,0,2022-09-22,\N
22433,284512,0,2022-09-22,\N
22435,291745,2,2022-09-22,\N
22436,290733,2,2022-09-23,\N
22437,291769,2,2022-09-23,\N
22438,282601,2,2022-09-23,\N
22439,285504,2,2022-09-23,\N
22440,291321,0,2022-09-23,\N
22448,291706,0,2022-09-23,\N
22449,291349,0,2022-09-23,\N
22450,271465,0,2022-09-23,\N
22451,290353,2,2022-09-23,\N
22452,291053,2,2022-09-23,\N
22453,290989,2,2022-09-23,2022-11-11
22454,290920,2,2022-09-23,\N
22458,291836,2,2022-09-23,\N
22459,291837,2,2022-09-23,\N
22460,280048,2,2022-09-23,2022-09-26
22462,288923,2,2022-09-23,\N
22463,291853,2,2022-09-23,\N
22464,266743,2,2022-09-23,\N
22465,291855,0,2022-09-23,\N
22466,291858,2,2022-09-23,\N
22471,267498,0,2022-09-24,\N
22482,291577,2,2022-09-24,\N
22483,282977,2,2022-09-24,\N
22484,288315,2,2022-09-24,\N
22485,285122,2,2022-09-24,\N
22486,291949,0,2022-09-24,\N
22487,291945,0,2022-09-24,\N
22488,291963,0,2022-09-24,2022-09-30
22492,291977,2,2022-09-25,\N
22495,277012,0,2022-09-25,\N
22496,274904,0,2022-09-25,\N
22508,288003,0,2022-09-25,\N
22509,291626,1,2022-09-25,\N
22510,291988,2,2022-09-25,\N
22516,292032,2,2022-09-25,\N
22517,292033,2,2022-09-25,\N
22519,281802,0,2022-09-25,\N
22520,267195,0,2022-09-25,\N
22521,292061,0,2022-09-25,\N
22522,292066,2,2022-09-26,\N
22524,282638,0,2022-09-26,\N
22525,292077,2,2022-09-26,\N
22526,283854,0,2022-09-26,\N
22528,261491,0,2022-09-26,\N
22539,286834,0,2022-09-26,\N
22541,292109,2,2022-09-26,\N
22542,292114,2,2022-09-26,\N
22545,268706,2,2022-09-26,\N
22546,291998,2,2022-09-26,\N
22548,265130,0,2022-09-26,\N
22549,288142,0,2022-09-26,\N
22550,292129,2,2022-09-26,\N
22553,271950,0,2022-09-26,\N
22554,292148,2,2022-09-26,\N
22555,282720,0,2022-09-26,\N
22556,291730,2,2022-09-26,\N
22557,291725,2,2022-09-26,\N
22561,291425,2,2022-09-26,\N
22562,292086,2,2022-09-27,\N
22582,265685,2,2022-09-27,\N
22585,291264,2,2022-09-27,\N
22586,290988,2,2022-09-27,\N
22587,292346,2,2022-09-27,\N
22589,286723,2,2022-09-27,\N
22591,283612,2,2022-09-27,\N
22592,290242,2,2022-09-27,\N
22593,271935,2,2022-09-27,\N
22594,265110,0,2022-09-27,\N
22595,292374,2,2022-09-27,\N
22596,292385,2,2022-09-28,\N
22597,292133,2,2022-09-28,\N
22599,292191,2,2022-09-28,\N
22600,263825,0,2022-09-28,\N
22618,292411,2,2022-09-28,2022-10-05
22619,290206,2,2022-09-28,2022-10-10
22620,291306,0,2022-09-28,\N
22621,292406,2,2022-09-28,\N
22623,292424,2,2022-09-28,2022-09-29
22624,292426,2,2022-09-28,\N
22625,292428,2,2022-09-28,\N
22626,292431,2,2022-09-28,\N
22628,287820,2,2022-09-28,\N
22630,285776,2,2022-09-28,\N
22632,291589,2,2022-09-28,\N
22633,292453,2,2022-09-28,\N
22634,281076,2,2022-09-28,\N
22635,269110,2,2022-09-28,\N
22636,292456,2,2022-09-28,\N
22637,282373,2,2022-09-28,\N
22638,279229,2,2022-09-28,\N
22639,292462,2,2022-09-28,\N
22641,281609,0,2022-09-28,2022-09-29
22642,291606,2,2022-09-28,\N
22643,277724,2,2022-09-28,\N
22645,271715,2,2022-09-28,2022-09-29
22646,287926,0,2022-09-28,\N
22647,266366,0,2022-09-28,\N
22648,291575,2,2022-09-28,2022-10-04
22649,291744,2,2022-09-28,\N
22650,292486,2,2022-09-29,\N
22652,291976,2,2022-09-29,\N
22653,284530,2,2022-09-29,\N
22654,292496,2,2022-09-29,\N
22655,292447,0,2022-09-29,\N
22656,290458,2,2022-09-29,\N
22657,277403,0,2022-09-29,\N
22658,280330,2,2022-09-29,\N
22659,271197,2,2022-09-29,\N
22660,292402,2,2022-09-29,\N
22671,291412,0,2022-09-29,\N
22673,292531,2,2022-09-29,\N
22674,292534,2,2022-09-29,\N
22677,292538,2,2022-09-29,\N
22678,292560,2,2022-09-29,\N
22679,290929,2,2022-09-29,\N
22680,292566,2,2022-09-29,\N
22681,270607,2,2022-09-29,\N
22682,292572,2,2022-09-29,\N
22684,292491,2,2022-09-29,\N
22685,292574,2,2022-09-29,\N
22686,292573,2,2022-09-29,\N
22687,292576,2,2022-09-29,\N
22688,280373,2,2022-09-29,\N
22689,292580,2,2022-09-29,\N
22690,290465,2,2022-09-29,\N
22691,292578,2,2022-09-29,\N
22692,292585,2,2022-09-29,\N
22695,292588,2,2022-09-29,\N
22696,292589,2,2022-09-29,\N
22699,292595,2,2022-09-29,\N
22700,292596,2,2022-09-29,\N
22702,279535,2,2022-09-29,\N
22704,292601,2,2022-09-29,\N
22706,292604,2,2022-09-29,\N
22707,292608,2,2022-09-29,\N
22708,292611,2,2022-09-29,\N
22709,292614,2,2022-09-29,\N
22710,292151,2,2022-09-29,2022-10-31
22711,276860,2,2022-09-29,\N
22712,270216,2,2022-09-30,\N
22714,259846,2,2022-09-30,\N
22716,292625,2,2022-09-30,\N
22717,292436,2,2022-09-30,\N
22718,292629,2,2022-09-30,\N
22719,292627,2,2022-09-30,\N
22720,292624,2,2022-09-30,\N
22721,259258,2,2022-09-30,2022-09-30
22722,277840,2,2022-09-30,\N
22723,292113,2,2022-09-30,\N
22725,292634,2,2022-09-30,\N
22726,289567,2,2022-09-30,\N
22727,292639,2,2022-09-30,\N
22728,292640,2,2022-09-30,\N
22729,291783,2,2022-09-30,\N
22730,292641,2,2022-09-30,\N
22731,291789,2,2022-09-30,\N
22732,292648,2,2022-09-30,\N
22734,277886,2,2022-09-30,\N
22735,292650,2,2022-09-30,\N
22736,292609,2,2022-09-30,\N
22738,275461,2,2022-09-30,\N
22739,292653,2,2022-09-30,\N
22740,291823,2,2022-09-30,\N
22741,282954,0,2022-09-30,\N
22749,259258,2,2022-09-30,\N
22750,279738,1,2022-09-30,\N
22751,288898,0,2022-09-30,\N
22752,280345,0,2022-09-30,\N
22753,291566,2,2022-09-30,\N
22754,265906,0,2022-09-30,\N
22755,275158,0,2022-09-30,\N
22757,288793,0,2022-09-30,\N
22758,288950,0,2022-09-30,\N
22761,287006,2,2022-10-01,\N
22762,287975,0,2022-10-01,\N
22767,272792,0,2022-10-01,2022-10-03
22768,272157,0,2022-10-01,\N
22774,292818,0,2022-10-01,\N
22775,292819,0,2022-10-01,\N
22776,292820,2,2022-10-01,2022-10-10
22777,265519,0,2022-10-01,\N
22778,292862,2,2022-10-01,\N
22781,275389,0,2022-10-02,\N
22782,292901,0,2022-10-02,\N
22787,292931,0,2022-10-02,\N
22789,292992,2,2022-10-02,\N
22790,293002,2,2022-10-02,\N
22791,292815,2,2022-10-02,\N
22794,288839,2,2022-10-03,\N
22795,270179,0,2022-10-03,\N
22799,290843,0,2022-10-03,\N
22800,293156,2,2022-10-03,2022-10-25
22801,293126,0,2022-10-03,\N
22802,265176,0,2022-10-04,\N
22803,282640,2,2022-10-04,\N
22808,269570,0,2022-10-04,\N
22809,293214,0,2022-10-04,\N
22810,293251,1,2022-10-04,\N
22812,293300,2,2022-10-04,\N
22813,292493,2,2022-10-04,\N
22814,293298,0,2022-10-04,\N
22817,293330,2,2022-10-05,\N
22828,283357,0,2022-10-05,\N
22830,265966,0,2022-10-05,\N
22832,270478,0,2022-10-05,\N
22833,292510,2,2022-10-05,\N
22834,293274,2,2022-10-05,\N
22835,293425,0,2022-10-05,\N
22836,283456,0,2022-10-05,\N
22837,293345,2,2022-10-05,\N
22838,265878,0,2022-10-05,\N
22839,280461,1,2022-10-05,\N
22840,269771,0,2022-10-06,\N
22841,278853,0,2022-10-06,\N
22842,266001,0,2022-10-06,\N
22843,289609,0,2022-10-06,\N
22844,288719,0,2022-10-06,\N
22846,292720,2,2022-10-06,2022-10-24
22852,289526,0,2022-10-06,\N
22853,284180,0,2022-10-06,\N
22854,280324,0,2022-10-06,\N
22855,293207,0,2022-10-06,\N
22856,276784,0,2022-10-06,\N
22857,288637,0,2022-10-06,\N
22858,293497,0,2022-10-06,\N
22859,292882,2,2022-10-06,\N
22860,293579,0,2022-10-06,\N
22862,289580,0,2022-10-06,\N
22867,278789,0,2022-10-07,\N
22868,293627,2,2022-10-07,\N
22869,269908,0,2022-10-07,\N
22870,293083,2,2022-10-07,\N
22874,289517,0,2022-10-07,\N
22875,276932,0,2022-10-07,\N
22876,289796,0,2022-10-07,\N
22877,274460,0,2022-10-07,\N
22879,293564,0,2022-10-07,2022-11-01
22880,293713,0,2022-10-08,\N
22882,259702,0,2022-10-08,\N
22887,292924,2,2022-10-08,\N
22891,266402,0,2022-10-08,\N
22892,289910,0,2022-10-08,2022-10-11
22893,280814,1,2022-10-08,2022-10-10
22897,292955,2,2022-10-08,\N
22899,263076,0,2022-10-09,\N
22900,287158,0,2022-10-09,\N
22901,270175,0,2022-10-09,\N
22910,283887,0,2022-10-09,\N
22911,293965,2,2022-10-09,\N
22912,293067,2,2022-10-09,\N
22913,266455,0,2022-10-09,\N
22914,284633,0,2022-10-10,\N
22917,294020,0,2022-10-10,\N
22918,293962,2,2022-10-10,\N
22919,280850,0,2022-10-10,\N
22921,293858,2,2022-10-10,\N
22925,259965,0,2022-10-10,\N
22926,294006,0,2022-10-10,\N
22927,284415,0,2022-10-10,\N
22928,279404,0,2022-10-10,\N
22929,293951,2,2022-10-10,\N
22930,294132,0,2022-10-10,\N
22932,289827,0,2022-10-10,\N
22933,289798,0,2022-10-10,\N
22935,294185,2,2022-10-10,\N
22936,294193,2,2022-10-11,\N
22948,294227,2,2022-10-11,2022-10-11
22949,290226,0,2022-10-11,\N
22950,288021,2,2022-10-11,\N
22951,293894,2,2022-10-11,\N
22952,277410,0,2022-10-11,\N
22954,269984,0,2022-10-11,\N
22957,278995,0,2022-10-11,\N
22958,293324,0,2022-10-11,\N
22959,279562,2,2022-10-11,\N
22960,293504,2,2022-10-11,\N
22961,292475,2,2022-10-11,\N
22962,266894,0,2022-10-12,\N
22963,292048,1,2022-10-12,\N
22964,291498,0,2022-10-12,\N
22966,270517,0,2022-10-12,\N
22967,285044,0,2022-10-12,\N
22968,281074,1,2022-10-12,\N
22969,294343,0,2022-10-12,\N
22970,291061,0,2022-10-12,\N
22983,294286,2,2022-10-12,\N
22985,280897,0,2022-10-12,\N
22987,293541,2,2022-10-12,\N
22990,277562,0,2022-10-12,\N
22991,270616,0,2022-10-13,\N
22992,293859,2,2022-10-13,\N
22993,263483,0,2022-10-13,\N
22995,294338,2,2022-10-13,\N
22996,284954,0,2022-10-13,\N
22997,294227,2,2022-10-13,\N
23003,260173,1,2022-10-13,\N
23005,290487,0,2022-10-13,\N
23006,294113,0,2022-10-13,\N
23009,294590,0,2022-10-13,\N
23012,281196,0,2022-10-13,\N
23013,266616,0,2022-10-13,\N
23015,294629,0,2022-10-14,\N
23016,293843,2,2022-10-14,\N
23017,293303,0,2022-10-14,\N
23025,260465,0,2022-10-14,\N
23027,289630,0,2022-10-14,\N
23030,265848,0,2022-10-14,\N
23031,270811,0,2022-10-14,\N
23033,290719,0,2022-10-14,\N
23034,277353,0,2022-10-14,\N
23036,294792,2,2022-10-15,\N
23048,275786,0,2022-10-15,\N
23049,280689,0,2022-10-15,\N
23052,263783,0,2022-10-15,\N
23053,277953,0,2022-10-15,\N
23054,275570,0,2022-10-16,\N
23057,294560,0,2022-10-16,\N
23060,281753,0,2022-10-16,\N
23062,281769,0,2022-10-16,\N
23064,292139,2,2022-10-16,\N
23065,294979,2,2022-10-16,\N
23066,279508,0,2022-10-16,\N
23067,275463,0,2022-10-17,\N
23068,293955,2,2022-10-17,\N
23071,294429,0,2022-10-17,\N
23075,290945,0,2022-10-17,\N
23076,294907,0,2022-10-17,\N
23077,292499,2,2022-10-17,\N
23078,281796,0,2022-10-17,\N
23080,294936,0,2022-10-17,\N
23081,294949,2,2022-10-17,\N
23082,263913,0,2022-10-17,\N
23083,294203,0,2022-10-17,\N
23088,289244,0,2022-10-18,\N
23089,294648,0,2022-10-18,\N
23096,295088,0,2022-10-18,\N
23097,293539,2,2022-10-18,\N
23098,294783,0,2022-10-18,\N
23099,293542,0,2022-10-18,\N
23100,294682,0,2022-10-18,\N
23101,286884,0,2022-10-18,\N
23102,294674,0,2022-10-18,\N
23103,295214,2,2022-10-18,\N
23104,286826,0,2022-10-18,\N
23105,284512,0,2022-10-18,\N
23106,295256,0,2022-10-19,\N
23107,295106,2,2022-10-19,\N
23108,291177,0,2022-10-19,\N
23109,291165,0,2022-10-19,\N
23110,294208,2,2022-10-19,\N
23111,295273,0,2022-10-19,\N
23117,294694,2,2022-10-19,\N
23118,287143,0,2022-10-19,\N
23119,290444,0,2022-10-19,\N
23122,293976,2,2022-10-19,\N
23124,289823,2,2022-10-19,\N
23126,295355,2,2022-10-19,\N
23128,268045,0,2022-10-20,\N
23135,291250,0,2022-10-20,\N
23137,275445,0,2022-10-20,\N
23138,275215,2,2022-10-20,\N
23141,278509,0,2022-10-20,\N
23142,291088,2,2022-10-20,\N
23144,274836,2,2022-10-20,\N
23145,289686,0,2022-10-20,\N
23146,279735,2,2022-10-20,\N
23147,289049,2,2022-10-20,\N
23148,278055,0,2022-10-20,\N
23150,270103,2,2022-10-20,\N
23151,270824,0,2022-10-20,\N
23152,295497,0,2022-10-20,\N
23153,295506,2,2022-10-20,\N
23161,295550,2,2022-10-21,\N
23165,287478,0,2022-10-21,\N
23168,278788,0,2022-10-21,\N
23171,268857,0,2022-10-21,\N
23172,279178,2,2022-10-21,\N
23180,295655,2,2022-10-22,\N
23189,285915,0,2022-10-22,\N
23190,295684,2,2022-10-22,\N
23192,280372,0,2022-10-22,\N
23193,280496,1,2022-10-22,\N
23194,291728,0,2022-10-22,\N
23195,294948,2,2022-10-22,\N
23196,295578,0,2022-10-22,\N
23197,290746,0,2022-10-22,\N
23198,275766,0,2022-10-22,\N
23200,291321,0,2022-10-23,\N
23201,295781,2,2022-10-23,\N
23203,295803,2,2022-10-23,\N
23208,295859,2,2022-10-23,\N
23209,295863,2,2022-10-23,\N
23211,295865,2,2022-10-23,\N
23213,289601,0,2022-10-24,\N
23217,284180,0,2022-10-24,\N
23218,291349,0,2022-10-24,\N
23219,295941,2,2022-10-24,\N
23221,292720,2,2022-10-24,\N
23222,295829,2,2022-10-24,\N
23223,295972,2,2022-10-24,\N
23224,289769,0,2022-10-24,\N
23225,282532,0,2022-10-24,\N
23226,269660,0,2022-10-24,\N
23227,295929,0,2022-10-24,\N
23229,287926,0,2022-10-24,\N
23232,274904,0,2022-10-25,\N
23239,295949,1,2022-10-25,2022-10-26
23240,288003,0,2022-10-25,\N
23242,296124,2,2022-10-25,\N
23246,296094,0,2022-10-25,\N
23248,291824,0,2022-10-25,\N
23249,291945,0,2022-10-25,2022-10-26
23250,267195,0,2022-10-25,\N
23251,296160,2,2022-10-25,\N
23253,295890,2,2022-10-26,\N
23255,283854,0,2022-10-26,\N
23261,261491,0,2022-10-26,\N
23265,262569,0,2022-10-26,\N
23266,286834,0,2022-10-26,\N
23267,296254,2,2022-10-26,\N
23268,265130,0,2022-10-26,\N
23269,282692,1,2022-10-26,\N
23270,287436,0,2022-10-26,\N
23271,295817,2,2022-10-26,\N
23273,271950,0,2022-10-26,\N
23274,282720,0,2022-10-26,\N
23275,296033,0,2022-10-26,\N
23277,266577,0,2022-10-26,\N
23278,296290,2,2022-10-26,\N
23280,296402,2,2022-10-27,2022-11-30
23282,273951,0,2022-10-27,\N
23284,296461,0,2022-10-27,\N
23285,296426,2,2022-10-27,2022-11-02
23286,265110,0,2022-10-27,\N
23287,266366,0,2022-10-27,\N
23288,296396,2,2022-10-28,\N
23289,295526,2,2022-10-28,\N
23290,263825,0,2022-10-28,\N
23303,291306,0,2022-10-28,\N
23305,294189,0,2022-10-28,\N
23306,296291,2,2022-10-28,\N
23307,296388,0,2022-10-28,\N
23309,296593,2,2022-10-28,\N
23310,296578,0,2022-10-28,\N
23311,292447,0,2022-10-29,\N
23312,296252,0,2022-10-29,\N
23316,291412,0,2022-10-29,\N
23317,296644,2,2022-10-29,\N
23318,296732,0,2022-10-29,\N
23320,295823,2,2022-10-29,\N
23321,296766,0,2022-10-29,\N
23322,294859,2,2022-10-29,\N
23324,287916,0,2022-10-29,\N
23326,296709,0,2022-10-30,\N
23331,296863,0,2022-10-30,\N
23333,296865,2,2022-10-30,\N
23334,280345,0,2022-10-30,\N
23335,296836,0,2022-10-30,\N
23336,265906,0,2022-10-30,\N
23337,296813,0,2022-10-30,\N
23338,296911,0,2022-10-30,2022-11-25
23339,288793,0,2022-10-30,\N
23340,288950,0,2022-10-30,\N
23341,288637,0,2022-10-30,\N
23343,296812,0,2022-10-31,\N
23344,294131,0,2022-10-31,\N
23345,296965,1,2022-10-31,\N
23346,293600,2,2022-10-31,\N
23347,296613,0,2022-10-31,\N
23348,282158,1,2022-10-31,2022-11-03
23351,296564,0,2022-10-31,\N
